;DE10(1000・1500番台/暖地型)
;車番(前)
;千位
CreateMeshBuilder
AddVertex,0.14,2.65,-6.41
AddVertex,0.03,2.65,-6.41
AddVertex,0.03,2.5,-6.41
AddVertex,0.14,2.5,-6.41
AddVertex,-0.14,2.65,6.41
AddVertex,-0.03,2.65,6.41
AddVertex,-0.03,2.5,6.41
AddVertex,-0.14,2.5,6.41
AddFace2,0,1,2,3
AddFace2,4,5,6,7
GenerateNormals
LoadTexture,number\front\1.bmp
SetTextureCoordinates,0,1,0
SetTextureCoordinates,1,0,0
SetTextureCoordinates,2,0,1
SetTextureCoordinates,3,1,1
SetTextureCoordinates,4,1,0
SetTextureCoordinates,5,0,0
SetTextureCoordinates,6,0,1
SetTextureCoordinates,7,1,1
;百位
CreateMeshBuilder
AddVertex,0.25,2.65,-6.41
AddVertex,0.14,2.65,-6.41
AddVertex,0.14,2.5,-6.41
AddVertex,0.25,2.5,-6.41
AddVertex,-0.25,2.65,6.41
AddVertex,-0.14,2.65,6.41
AddVertex,-0.14,2.5,6.41
AddVertex,-0.25,2.5,6.41
AddFace2,0,1,2,3
AddFace2,4,5,6,7
GenerateNormals
LoadTexture,number\front\1.bmp
SetTextureCoordinates,0,1,0
SetTextureCoordinates,1,0,0
SetTextureCoordinates,2,0,1
SetTextureCoordinates,3,1,1
SetTextureCoordinates,4,1,0
SetTextureCoordinates,5,0,0
SetTextureCoordinates,6,0,1
SetTextureCoordinates,7,1,1
;十位
CreateMeshBuilder
AddVertex,0.36,2.65,-6.41
AddVertex,0.25,2.65,-6.41
AddVertex,0.25,2.5,-6.41
AddVertex,0.36,2.5,-6.41
AddVertex,-0.36,2.65,6.41
AddVertex,-0.25,2.65,6.41
AddVertex,-0.25,2.5,6.41
AddVertex,-0.36,2.5,6.41
AddFace2,0,1,2,3
AddFace2,4,5,6,7
GenerateNormals
LoadTexture,number\front\6.bmp
SetTextureCoordinates,0,1,0
SetTextureCoordinates,1,0,0
SetTextureCoordinates,2,0,1
SetTextureCoordinates,3,1,1
SetTextureCoordinates,4,1,0
SetTextureCoordinates,5,0,0
SetTextureCoordinates,6,0,1
SetTextureCoordinates,7,1,1
;一位
CreateMeshBuilder
AddVertex,0.47,2.65,-6.41
AddVertex,0.36,2.65,-6.41
AddVertex,0.36,2.5,-6.41
AddVertex,0.47,2.5,-6.41
AddVertex,-0.47,2.65,6.41
AddVertex,-0.36,2.65,6.41
AddVertex,-0.36,2.5,6.41
AddVertex,-0.47,2.5,6.41
AddFace2,0,1,2,3
AddFace2,4,5,6,7
GenerateNormals
LoadTexture,number\front\3.bmp
SetTextureCoordinates,0,1,0
SetTextureCoordinates,1,0,0
SetTextureCoordinates,2,0,1
SetTextureCoordinates,3,1,1
SetTextureCoordinates,4,1,0
SetTextureCoordinates,5,0,0
SetTextureCoordinates,6,0,1
SetTextureCoordinates,7,1,1

;車番(側面)
;千位
CreateMeshBuilder
AddVertex,-1.475,2.05,-2.7
AddVertex,-1.475,2.05,-2.8
AddVertex,-1.475,1.91,-2.8
AddVertex,-1.475,1.91,-2.7
AddVertex,1.475,2.05,-2.
AddVertex,1.475,2.05,-2.1
AddVertex,1.475,1.91,-2.1
AddVertex,1.475,1.91,-2.
AddFace2,0,1,2,3
AddFace2,4,5,6,7
GenerateNormals
LoadTexture,number\side\s1.bmp
SetTextureCoordinates,0,0,0
SetTextureCoordinates,1,1,0
SetTextureCoordinates,2,1,1
SetTextureCoordinates,3,0,1
SetTextureCoordinates,4,0,0
SetTextureCoordinates,5,1,0
SetTextureCoordinates,6,1,1
SetTextureCoordinates,7,0,1
;百位
CreateMeshBuilder
AddVertex,-1.475,2.05,-2.8
AddVertex,-1.475,2.05,-2.9
AddVertex,-1.475,1.91,-2.9
AddVertex,-1.475,1.91,-2.8
AddVertex,1.475,2.05,-2
AddVertex,1.475,2.05,-1.9
AddVertex,1.475,1.91,-1.9
AddVertex,1.475,1.91,-2.
AddFace2,0,1,2,3
AddFace2,4,5,6,7
GenerateNormals
LoadTexture,number\side\s1.bmp
SetTextureCoordinates,0,0,0
SetTextureCoordinates,1,1,0
SetTextureCoordinates,2,1,1
SetTextureCoordinates,3,0,1
SetTextureCoordinates,4,0,0
SetTextureCoordinates,5,1,0
SetTextureCoordinates,6,1,1
SetTextureCoordinates,7,0,1
;十位
CreateMeshBuilder
AddVertex,-1.475,2.05,-2.9
AddVertex,-1.475,2.05,-3
AddVertex,-1.475,1.91,-3
AddVertex,-1.475,1.91,-2.9
AddVertex,1.475,2.05,-1.9
AddVertex,1.475,2.05,-1.8
AddVertex,1.475,1.91,-1.8
AddVertex,1.475,1.91,-1.9
AddFace2,0,1,2,3
AddFace2,4,5,6,7
GenerateNormals
LoadTexture,number\side\s6.bmp
SetTextureCoordinates,0,0,0
SetTextureCoordinates,1,1,0
SetTextureCoordinates,2,1,1
SetTextureCoordinates,3,0,1
SetTextureCoordinates,4,0,0
SetTextureCoordinates,5,1,0
SetTextureCoordinates,6,1,1
SetTextureCoordinates,7,0,1
;一位
CreateMeshBuilder
AddVertex,-1.475,2.05,-3
AddVertex,-1.475,2.05,-3.1
AddVertex,-1.475,1.91,-3.1
AddVertex,-1.475,1.91,-3
AddVertex,1.475,2.05,-1.8
AddVertex,1.475,2.05,-1.7
AddVertex,1.475,1.91,-1.7
AddVertex,1.475,1.91,-1.8
AddFace2,0,1,2,3
AddFace2,4,5,6,7
GenerateNormals
LoadTexture,number\side\s3.bmp
SetTextureCoordinates,0,0,0
SetTextureCoordinates,1,1,0
SetTextureCoordinates,2,1,1
SetTextureCoordinates,3,0,1
SetTextureCoordinates,4,0,0
SetTextureCoordinates,5,1,0
SetTextureCoordinates,6,1,1
SetTextureCoordinates,7,0,1


;前デッキ
CreateMeshBuilder
AddVertex,-1.2,1.0,-6.8
AddVertex,-1.2,0.55,-6.8
AddVertex,-1.15,1.05,-6.8
AddVertex,-1.15,0.5,-6.8
AddVertex,1.15,1.05,-6.8
AddVertex,1.15,0.5,-6.8
AddVertex,1.2,1.0,-6.8
AddVertex,1.2,0.55,-6.8
AddFace2,0,1,3,2
AddFace2,2,3,5,4
AddFace2,4,5,7,6
GenerateNormals
SetColor,100,100,100
CreateMeshBuilder
AddVertex,-1.15,0.5,-6.75
AddVertex,-1.15,0.5,-6.8
AddVertex,-1.2,0.55,-6.75
AddVertex,-1.2,0.55,-6.8
AddVertex,-1.2,1.0,-6.75
AddVertex,-1.2,1.0,-6.8
AddVertex,-1.15,1.05,-6.75
AddVertex,-1.15,1.05,-6.8
AddVertex,1.15,1.05,-6.75
AddVertex,1.15,1.05,-6.8
AddVertex,1.2,1.0,-6.75
AddVertex,1.2,1.0,-6.8
AddVertex,1.2,0.55,-6.75
AddVertex,1.2,0.55,-6.8
AddVertex,1.15,0.5,-6.75
AddVertex,1.15,0.5,-6.8
AddFace2,0,1,3,2
AddFace2,2,3,5,4
AddFace2,4,5,7,6
Addface2,6,7,9,8
AddFace2,8,9,11,10
AddFace2,10,11,13,12
AddFace2,12,13,15,14
GenerateNormals

CreateMeshBuilder
AddVertex,-0.3,0.95,-6.81
AddVertex,-0.3,0.5,-6.81
AddVertex,0.3,0.95,-6.81
AddVertex,0.3,0.5,-6.81
AddFace2,0,1,3,2
GenerateNormals
SetColor,30,30,30
CreateMeshBuilder
AddVertex,-0.85,0.5,-6.8
AddVertex,-0.85,0.5,-6.2
AddVertex,-0.85,1,-6.8
AddVertex,-0.85,1,-6.2
AddVertex,0.85,1,-6.8
AddVertex,0.85,1,-6.2
AddVertex,0.85,0.5,-6.8
AddVertex,0.85,0.5,-6.2
AddFace2,0,1,3,2
AddFace2,2,3,5,4
AddFace2,4,5,7,6
GenerateNormals
SetColor,30,30,30
CreateMeshBuilder
AddVertex,-1.2,0.95,-6.2
AddVertex,-1.2,0.5,-6.2
AddVertex,1.2,0.95,-6.2
AddVertex,1.2,0.5,-6.2
AddFace2,0,1,3,2
GenerateNormals
SetColor,30,30,30
;スノープラウ
CreateMeshBuilder
AddVertex,-1.35,0.5,-6.
AddVertex,-1.35,0.3,-6.
AddVertex,-1.05,0.5,-6.18
AddVertex,-1.05,0.1,-6.18
AddVertex,0,0.5,-6.95
AddVertex,0,0.15,-6.95
AddVertex,1.05,0.5,-6.18
AddVertex,1.05,0.1,-6.18
AddVertex,1.35,0.5,-6.
AddVertex,1.35,0.3,-6.
AddFace2,0,1,3,2
AddFace2,2,3,5,4
AddFace2,4,5,7,6
Addface2,6,7,9,8
GenerateNormals
SetColor,30,30,30
;階段
CreateMeshBuilder
Cube,1.05,0.01,0.29
Translate,,0.8,-6.5
GenerateNormals
Setcolor,40,40,40
CreateMeshBuilder
Cube,1.17,0.01,0.29
Translate,,0.51,-6.5
GenerateNormals
Setcolor,40,40,40
CreateMeshBuilder
AddVertex,-1.35,0.33,-6.
AddVertex,-1.35,0.33,-6.8
AddVertex,-1.05,0.33,-6.8
AddVertex,-1.05,0.33,-6.18
AddFace2,0,1,3,2
GenerateNormals
SetColor,30,30,30
CreateMeshBuilder
AddVertex,-1.35,0.33,-6.
AddVertex,-1.35,0.33,-6.8
AddVertex,-1.35,0.3,-6.8
AddVertex,-1.35,0.3,-6.
AddFace2,0,1,3,2
GenerateNormals
CreateMeshBuilder
AddVertex,-1.1,0.52,-6.81
AddVertex,-1.0,0.52,-6.81
AddVertex,-1.35,0.35,-6.8
AddVertex,-1.0,0.35,-6.8
AddVertex,-1.35,0.3,-6.8
AddVertex,-1.05,0.3,-6.8
AddVertex,-1.1,0.35,-6.8
AddFace2,0,1,3,6
AddFace2,2,3,5,4
GenerateNormals
SetColor,80,80,80
CreateMeshBuilder
AddVertex,1.35,0.33,-6.
AddVertex,1.35,0.33,-6.8
AddVertex,1.05,0.33,-6.8
AddVertex,1.05,0.33,-6.18
AddFace2,0,1,3,2
GenerateNormals
SetColor,30,30,30
CreateMeshBuilder
AddVertex,1.35,0.33,-6.
AddVertex,1.35,0.33,-6.8
AddVertex,1.35,0.3,-6.8
AddVertex,1.35,0.3,-6.
AddFace2,0,1,3,2
GenerateNormals
CreateMeshBuilder
AddVertex,1.1,0.52,-6.81
AddVertex,1.0,0.52,-6.81
AddVertex,1.35,0.35,-6.8
AddVertex,1.0,0.35,-6.8
AddVertex,1.35,0.3,-6.8
AddVertex,1.05,0.3,-6.8
AddVertex,1.1,0.35,-6.8
AddFace2,0,1,3,6
AddFace2,2,3,5,4
GenerateNormals
SetColor,80,80,80
;連結器(前)
CreateMeshBuilder
Cube,0.09,0.15,0.03
Translate,-0.14,0.8,-7.15
Setcolor,100,100,100
GenerateNormals
CreateMeshBuilder
Cube,0.02,0.15,0.06
Translate,-0.2,0.8,-7.06
Setcolor,70,70,70
GenerateNormals
CreateMeshBuilder
Cube,0.2,0.15,0.03
Translate,,0.8,-6.97
Setcolor,50,50,50,
GenerateNormals
CreateMeshBuilder
Cube,0.02,0.15,0.06
Translate,0.2,0.8,-7.06
Setcolor,70,70,70
GenerateNormals
CreateMeshBuilder
Cube,0.07,0.07,0.15
Translate,,0.8,-6.8
Setcolor,50,50,50,
GenerateNormals

;尾灯
CreateMeshBuilder
Cylinder,16,-0.07,-0.07,0.1
Rotate,1,0,0,90
Translate,-0.92,0.93,-6.8
GenerateNormals
SetColor,80,80,80
CreateMeshBuilder
AddVertex,-0.99,1,-6.85
AddVertex,-0.85,1,-6.85
AddVertex,-0.85,0.86,-6.85
AddVertex,-0.99,0.86,-6.85
AddFace2,0,1,2,3
GenerateNormals
LoadTexture,light-tail.bmp
SetTextureCoordinates,0,0,0
SetTextureCoordinates,1,1,0
SetTextureCoordinates,2,1,1
SetTextureCoordinates,3,0,1
SetDecalTransparentColor,0,0,0
CreateMeshBuilder
Cylinder,16,-0.07,-0.07,0.1
Rotate,1,0,0,90
Translate,0.92,0.93,-6.8
GenerateNormals
SetColor,80,80,80
CreateMeshBuilder
AddVertex,0.99,1,-6.85
AddVertex,0.85,1,-6.85
AddVertex,0.85,0.86,-6.85
AddVertex,0.99,0.86,-6.85
AddFace2,0,1,2,3
GenerateNormals
LoadTexture,light-tail.bmp
SetTextureCoordinates,0,0,0
SetTextureCoordinates,1,1,0
SetTextureCoordinates,2,1,1
SetTextureCoordinates,3,0,1
SetDecalTransparentColor,0,0,0

;栓受け
CreateMeshBuilder
AddVertex,-0.78,1.03,-6.81
AddVertex,-0.6,1.03,-6.81
AddVertex,-0.6,0.82,-6.81
AddVertex,-0.78,0.82,-6.81
AddVertex,0.78,1.03,-6.81
AddVertex,0.6,1.03,-6.81
AddVertex,0.6,0.82,-6.81
AddVertex,0.78,0.82,-6.81
AddFace2,0,1,2,3
AddFace2,4,5,6,7
GenerateNormals
LoadTexture,plug.bmp
SetTextureCoordinates,0,0,0
SetTextureCoordinates,1,1,0
SetTextureCoordinates,2,1,1
SetTextureCoordinates,3,0,1
SetTextureCoordinates,4,0,0
SetTextureCoordinates,5,1,0
SetTextureCoordinates,6,1,1
SetTextureCoordinates,7,0,1
CreateMeshBuilder
AddVertex,0.38,1.7,-6.9
AddVertex,0.38,1.6,-6.9
AddVertex,0.6,1.7,-6.79
AddVertex,0.6,1.6,-6.79
AddVertex,0.8,1.7,-6.79
AddVertex,0.8,1.6,-6.79
AddFace2,0,1,2,3
AddFace2,2,3,5,4
GenerateNormals
SetColor,217,77,44
CreateMeshBuilder
Cylinder,16,0.055,0.055,0.05
Rotate,1,0,0,-45
Translate,0.7,1.55,-6.82
GenerateNormals
SetColor,207,73,43
CreateMeshBuilder
Cylinder,8,0.015,0.015,0.6
Translate,0.6,1.35,-6.77,
GenerateNormals
;ジャンパ線(前)
CreateMeshBuilder
AddVertex,-0.89,0.8,-6.81
AddVertex,-0.85,0.8,-6.81
AddVertex,-0.89,0.52,-6.9
AddVertex,-0.85,0.52,-6.9
AddVertex,-0.89,0.3,-6.81
AddVertex,-0.85,0.3,-6.81
AddFace2,0,1,3,2
AddFace2,2,3,5,4
GenerateNormals
LoadTexture,airhose1.bmp
SetTextureCoordinates,0,0,0
SetTextureCoordinates,1,1,0
SetTextureCoordinates,2,0,0.5
SetTextureCoordinates,3,1,0.5
SetTextureCoordinates,4,0,1
SetTextureCoordinates,5,1,1
CreateMeshBuilder
AddVertex,-0.9,0.82,-6.81
AddVertex,-0.84,0.82,-6.81
AddVertex,-0.84,0.77,-6.81
AddVertex,-0.9,0.77,-6.81
AddFace2,0,1,2,3
GenerateNormals
LoadTexture,skirt_shadow.bmp
SetTextureCoordinates,0,0,0
SetTextureCoordinates,1,1,0
SetTextureCoordinates,2,1,1
SetTextureCoordinates,3,0,1
CreateMeshBuilder
AddVertex,-0.74,0.75,-6.81
AddVertex,-0.7,0.75,-6.81
AddVertex,-0.74,0.52,-6.9
AddVertex,-0.7,0.52,-6.9
AddVertex,-0.74,0.3,-6.81
AddVertex,-0.7,0.3,-6.81
AddFace2,0,1,3,2
AddFace2,2,3,5,4
GenerateNormals
LoadTexture,airhose1.bmp
SetTextureCoordinates,0,0,0
SetTextureCoordinates,1,1,0
SetTextureCoordinates,2,0,0.5
SetTextureCoordinates,3,1,0.5
SetTextureCoordinates,4,0,1
SetTextureCoordinates,5,1,1
CreateMeshBuilder
AddVertex,-0.69,0.77,-6.81
AddVertex,-0.75,0.77,-6.81
AddVertex,-0.75,0.72,-6.81
AddVertex,-0.69,0.72,-6.81
AddFace2,0,1,2,3
GenerateNormals
LoadTexture,skirt_shadow.bmp
SetTextureCoordinates,0,0,0
SetTextureCoordinates,1,1,0
SetTextureCoordinates,2,1,1
SetTextureCoordinates,3,0,1
CreateMeshBuilder
AddVertex,0.45,0.8,-6.81
AddVertex,0.49,0.8,-6.81
AddVertex,0.25,0.6,-6.9
AddVertex,0.29,0.6,-6.9
AddVertex,0.,0.5,-6.81
AddVertex,0.,0.5,-6.81
AddFace2,0,1,3,2
AddFace2,2,3,5,4
GenerateNormals
LoadTexture,airhose1.bmp
SetTextureCoordinates,0,0,0
SetTextureCoordinates,1,1,0
SetTextureCoordinates,2,0,0.7
SetTextureCoordinates,3,1,0.7
SetTextureCoordinates,4,0,1
SetTextureCoordinates,5,1,1
CreateMeshBuilder
AddVertex,0.5,0.82,-6.81
AddVertex,0.44,0.82,-6.81
AddVertex,0.44,0.77,-6.81
AddVertex,0.5,0.77,-6.81
AddFace2,0,1,2,3
GenerateNormals
LoadTexture,skirt_shadow.bmp
SetTextureCoordinates,0,0,0
SetTextureCoordinates,1,1,0
SetTextureCoordinates,2,1,1
SetTextureCoordinates,3,0,1
CreateMeshBuilder
AddVertex,0.74,0.75,-6.81
AddVertex,0.7,0.75,-6.81
AddVertex,0.74,0.52,-6.9
AddVertex,0.7,0.52,-6.9
AddVertex,0.74,0.3,-6.81
AddVertex,0.7,0.3,-6.81
AddFace2,0,1,3,2
AddFace2,2,3,5,4
GenerateNormals
LoadTexture,airhose1.bmp
SetTextureCoordinates,0,0,0
SetTextureCoordinates,1,1,0
SetTextureCoordinates,2,0,0.5
SetTextureCoordinates,3,1,0.5
SetTextureCoordinates,4,0,1
SetTextureCoordinates,5,1,1
CreateMeshBuilder
AddVertex,0.69,0.77,-6.81
AddVertex,0.75,0.77,-6.81
AddVertex,0.75,0.72,-6.81
AddVertex,0.69,0.72,-6.81
AddFace2,0,1,2,3
GenerateNormals
LoadTexture,skirt_shadow.bmp
SetTextureCoordinates,0,0,0
SetTextureCoordinates,1,1,0
SetTextureCoordinates,2,1,1
SetTextureCoordinates,3,0,1
CreateMeshBuilder
AddVertex,0.89,0.8,-6.81
AddVertex,0.85,0.8,-6.81
AddVertex,0.89,0.52,-6.9
AddVertex,0.85,0.52,-6.9
AddVertex,0.89,0.3,-6.81
AddVertex,0.85,0.3,-6.81
AddFace2,0,1,3,2
AddFace2,2,3,5,4
GenerateNormals
LoadTexture,airhose1.bmp
SetTextureCoordinates,0,0,0
SetTextureCoordinates,1,1,0
SetTextureCoordinates,2,0,0.5
SetTextureCoordinates,3,1,0.5
SetTextureCoordinates,4,0,1
SetTextureCoordinates,5,1,1
CreateMeshBuilder
AddVertex,0.9,0.82,-6.81
AddVertex,0.84,0.82,-6.81
AddVertex,0.84,0.77,-6.81
AddVertex,0.9,0.77,-6.81
AddFace2,0,1,2,3
GenerateNormals
LoadTexture,skirt_shadow.bmp
SetTextureCoordinates,0,0,0
SetTextureCoordinates,1,1,0
SetTextureCoordinates,2,1,1
SetTextureCoordinates,3,0,1
;前手摺り(左)
CreateMeshBuilder
Cylinder,8,0.015,0.015,0.1
Translate,-0.38,4.27,-5.405,
Rotate,1,0,0,-30
GenerateNormals
CreateMeshBuilder
Cylinder,8,0.015,0.015,0.25
Translate,-0.38,1.15,-6.84,
GenerateNormals
CreateMeshBuilder
Cylinder,8,0.015,0.015,0.3
Translate,-0.38,2.58,-6.52,
Rotate,1,0,0,-10
GenerateNormals
CreateMeshBuilder
Cylinder,8,0.015,0.015,0.3
Translate,-0.38,1.69,-6.89,
GenerateNormals
CreateMeshBuilder
Cylinder,8,0.015,0.015,0.05
Rotate,1,0,45,-150
Translate,-0.39,1.85,-6.89,
GenerateNormals
CreateMeshBuilder
Cylinder,8,0.015,0.015,0.05
Rotate,1,0,45,-120
Translate,-0.42,1.88,-6.89,
GenerateNormals
CreateMeshBuilder
Cylinder,8,0.015,0.015,0.5
Rotate,1,0,4,90
Translate,-0.68,1.89,-6.83,
GenerateNormals
CreateMeshBuilder
Cylinder,8,0.015,0.015,0.9
Translate,-0.8,1.45,-6.8,
GenerateNormals
CreateMeshBuilder
Cylinder,8,0.015,0.015,0.05
Rotate,1,0,45,120
Translate,-0.94,1.88,-6.77,
GenerateNormals
CreateMeshBuilder
Cylinder,8,0.015,0.015,0.8
Translate,-1.59,0.98,-6.77,
Rotate,0,0,1,-22
GenerateNormals
CreateMeshBuilder
Cylinder,8,0.015,0.015,0.4
Translate,-1.255,0.95,-6.77,
GenerateNormals
CreateMeshBuilder
Cylinder,8,0.015,0.015,0.15
Rotate,1,0,45,-150
Translate,-1.22,0.7,-6.77,
GenerateNormals
;前手摺り(右)
CreateMeshBuilder
Cylinder,8,0.015,0.015,0.1
Translate,0.38,4.27,-5.405,
Rotate,1,0,0,-30
GenerateNormals
CreateMeshBuilder
Cylinder,8,0.015,0.015,0.25
Translate,0.38,1.15,-6.84,
GenerateNormals
CreateMeshBuilder
Cylinder,8,0.015,0.015,0.3
Translate,0.38,2.58,-6.52,
Rotate,1,0,0,-10
GenerateNormals
CreateMeshBuilder
Cylinder,8,0.015,0.015,0.3
Translate,0.38,1.69,-6.89,
GenerateNormals
CreateMeshBuilder
Cylinder,8,0.015,0.015,0.05
Rotate,1,0,45,150
Translate,0.39,1.85,-6.89,
GenerateNormals
CreateMeshBuilder
Cylinder,8,0.015,0.015,0.05
Rotate,1,0,45,120
Translate,0.42,1.88,-6.89,
GenerateNormals
CreateMeshBuilder
Cylinder,8,0.015,0.015,0.5
Rotate,1,0,-4,90
Translate,0.68,1.89,-6.83,
GenerateNormals
CreateMeshBuilder
Cylinder,8,0.015,0.015,0.9
Translate,0.8,1.45,-6.8,
GenerateNormals
CreateMeshBuilder
Cylinder,8,0.015,0.015,0.05
Rotate,1,0,45,-120
Translate,0.94,1.88,-6.77,
GenerateNormals
CreateMeshBuilder
Cylinder,8,0.015,0.015,0.8
Translate,1.59,0.98,-6.77,
Rotate,0,0,1,22
GenerateNormals
CreateMeshBuilder
Cylinder,8,0.015,0.015,0.4
Translate,1.255,0.95,-6.77,
GenerateNormals
CreateMeshBuilder
Cylinder,8,0.015,0.015,0.15
Rotate,1,0,45,150
Translate,1.22,0.7,-6.77,
GenerateNormals

;鎖
CreateMeshBuilder
AddVertex,-0.37,1.8,-6.88
AddVertex,-0.37,1.77,-6.88
AddVertex,-0.2,1.66,-6.88
AddVertex,-0.2,1.63,-6.88
AddVertex,0,1.61,-6.88
AddVertex,0,1.58,-6.88
AddVertex,0.2,1.66,-6.88
AddVertex,0.2,1.63,-6.88
AddVertex,0.37,1.8,-6.88
AddVertex,0.37,1.77,-6.88
AddFace2,0,1,3,2
AddFace2,2,3,5,4
AddFace2,4,5,7,6
AddFace2,6,7,9,8
GenerateNormals
LoadTexture,chain.bmp
SetTextureCoordinates,0,0,0
SetTextureCoordinates,1,0,1
SetTextureCoordinates,2,2,0
SetTextureCoordinates,3,2,1
SetTextureCoordinates,4,4,0
SetTextureCoordinates,5,4,1
SetTextureCoordinates,6,6,0
SetTextureCoordinates,7,6,1
SetTextureCoordinates,8,8,0
SetTextureCoordinates,9,8,1

;車体(前)
CreateMeshBuilder
AddVertex,-1.,2.7,-6.2
AddVertex,-1.,0.95,-6.2
AddVertex,-0.9,2.72,-6.25
AddVertex,-0.9,0.95,-6.25
AddVertex,-0.55,2.75,-6.4
AddVertex,-0.55,1,-6.4
AddVertex,0.55,2.75,-6.4
AddVertex,0.55,1,-6.4
AddVertex,0.9,2.72,-6.25
AddVertex,0.9,0.95,-6.25
AddVertex,1.,2.7,-6.2
AddVertex,1.,0.95,-6.2
AddVertex,-0.9,2.8,-6.2
AddVertex,-0.55,2.85,-6.35
AddVertex,0.55,2.85,-6.35
AddVertex,0.9,2.8,-6.2
AddFace2,0,1,2,3
AddFace2,2,3,5,4
AddFace2,4,5,7,6
AddFace2,6,7,9,8
AddFace2,8,9,11,10
AddFace2,0,12,2
AddFace2,12,13,4,2
AddFace2,13,14,6,4
AddFace2,14,15,8,6
AddFace2,15,10,8
GenerateNormals
LoadTexture,front2.bmp
SetTextureCoordinates,0,0,0.09
SetTextureCoordinates,1,0,1
SetTextureCoordinates,2,0.03,0.08
SetTextureCoordinates,3,0.03,1
SetTextureCoordinates,4,0.26,0.065
SetTextureCoordinates,5,0.26,0.97
SetTextureCoordinates,6,0.74,0.065
SetTextureCoordinates,7,0.74,0.97
SetTextureCoordinates,8,0.97,0.08
SetTextureCoordinates,9,0.97,1
SetTextureCoordinates,10,1,0.09
SetTextureCoordinates,11,1,1
SetTextureCoordinates,12,0.03,0.005
SetTextureCoordinates,13,0.26,0.001
SetTextureCoordinates,14,0.74,0.001
SetTextureCoordinates,15,0.97,0.005
CreateMeshBuilder
AddVertex,-0.85,2.7,-3.6
AddVertex,-0.75,2.8,-3.6
AddVertex,-0.55,2.85,-3.6
AddVertex,0.55,2.85,-3.6
AddVertex,0.75,2.8,-3.6
AddVertex,0.85,2.7,-3.6
AddVertex,-1,2.7,-3.85
AddVertex,-0.9,2.8,-3.85
AddVertex,-0.55,2.85,-3.85
AddVertex,0.55,2.85,-3.85
AddVertex,0.9,2.8,-3.85
AddVertex,1,2.7,-3.85
AddVertex,-1,2.7,-6.2
AddVertex,-0.9,2.8,-6.2
AddVertex,-0.55,2.85,-6.35
AddVertex,0.55,2.85,-6.35
AddVertex,0.9,2.8,-6.2
AddVertex,1,2.7,-6.2
AddFace2,0,1,7,6
AddFace2,1,2,8,7
AddFace2,2,3,9,8
AddFace2,3,4,10,9
AddFace2,4,5,11,10
AddFace2,6,7,13,12
AddFace2,7,8,14,13
AddFace2,8,9,15,14
AddFace2,9,10,16,15
Addface2,10,11,17,16
GenerateNormals
LoadTexture,roof.bmp
SetTextureCoordinates,0,0.93,0
SetTextureCoordinates,1,0.93,0.05
SetTextureCoordinates,2,0.93,0.25
SetTextureCoordinates,3,0.93,0.75
SetTextureCoordinates,4,0.93,0.95
SetTextureCoordinates,5,0.93,1
SetTextureCoordinates,6,0.94,0
SetTextureCoordinates,7,0.94,0.05
SetTextureCoordinates,8,0.94,0.25
SetTextureCoordinates,9,0.94,0.75
SetTextureCoordinates,10,0.94,0.95
SetTextureCoordinates,11,0.94,1
SetTextureCoordinates,12,1,0
SetTextureCoordinates,13,1,0.05
SetTextureCoordinates,14,1,0.25
SetTextureCoordinates,15,1,0.75
SetTextureCoordinates,16,1,0.95
SetTextureCoordinates,17,1,1
CreateMeshBuilder
AddVertex,-1,2.7,-6.2
AddVertex,-1,0.95,-6.2
AddVertex,-1,2.7,-3.85
AddVertex,-1,0.95,-3.85
AddVertex,-0.85,2.7,-3.6
AddVertex,-0.85,0.95,-3.6
AddVertex,1,2.7,-6.2
AddVertex,1,0.95,-6.2
AddVertex,1,2.7,-3.85
AddVertex,1,0.95,-3.85
AddVertex,0.85,2.7,-3.6
AddVertex,0.85,0.95,-3.6
AddFace2,0,1,2,3
AddFace2,2,3,5,4
AddFace2,6,7,9,8
AddFace2,8,9,11,10
GenerateNormals
LoadTexture,side1.bmp
SetTextureCoordinates,0,0,0.05
SetTextureCoordinates,1,0,1
SetTextureCoordinates,2,0.95,0.05
SetTextureCoordinates,3,0.95,1
SetTextureCoordinates,4,1,0.05
SetTextureCoordinates,5,1,1
SetTextureCoordinates,6,0,0.05
SetTextureCoordinates,7,0,1
SetTextureCoordinates,8,0.95,0.05
SetTextureCoordinates,9,0.95,1
SetTextureCoordinates,10,1,0.05
SetTextureCoordinates,11,1,1
;前方横手摺り(左)
CreateMeshBuilder
Cylinder,8,0.015,0.015,0.95
Translate,-1.45,1.58,-5.40,
GenerateNormals
CreateMeshBuilder
Cylinder,8,0.015,0.015,0.05
Rotate,1,0,0,-60
Translate,-1.45,2.09,-5.44,
GenerateNormals
CreateMeshBuilder
Cylinder,8,0.015,0.015,0.05
Rotate,1,0,0,-30
Translate,-1.45,2.06,-5.41,
GenerateNormals
CreateMeshBuilder
Cylinder,8,0.015,0.015,0.48
Rotate,1,0,0,90
Translate,-1.45,2.1,-5.7,
GenerateNormals
CreateMeshBuilder
Cylinder,8,0.015,0.015,0.05
Rotate,1,0,0,60
Translate,-1.45,2.09,-5.96,
GenerateNormals
CreateMeshBuilder
Cylinder,8,0.015,0.015,0.05
Rotate,1,0,0,30
Translate,-1.45,2.06,-5.99,
GenerateNormals
CreateMeshBuilder
Cylinder,8,0.015,0.015,0.51
Translate,-0.58,2.18,-6,
Rotate,0,0,1,22
GenerateNormals
CreateMeshBuilder
Cylinder,8,0.015,0.015,0.5
Translate,-1.255,1.32,-6,
GenerateNormals
;前方横手摺り(右)
GenerateNormals
CreateMeshBuilder
Cylinder,8,0.015,0.015,0.95
Translate,1.45,1.58,-5.40,
GenerateNormals
CreateMeshBuilder
Cylinder,8,0.015,0.015,0.05
Rotate,1,0,0,-60
Translate,1.45,2.09,-5.44,
GenerateNormals
CreateMeshBuilder
Cylinder,8,0.015,0.015,0.05
Rotate,1,0,0,-30
Translate,1.45,2.06,-5.41,
GenerateNormals
CreateMeshBuilder
Cylinder,8,0.015,0.015,0.48
Rotate,1,0,0,90
Translate,1.45,2.1,-5.7,
GenerateNormals
CreateMeshBuilder
Cylinder,8,0.015,0.015,0.05
Rotate,1,0,0,60
Translate,1.45,2.09,-5.96,
GenerateNormals
CreateMeshBuilder
Cylinder,8,0.015,0.015,0.05
Rotate,1,0,0,30
Translate,1.45,2.06,-5.99,
GenerateNormals
CreateMeshBuilder
Cylinder,8,0.015,0.015,0.51
Translate,0.58,2.18,-6,
Rotate,0,0,1,-22
GenerateNormals
CreateMeshBuilder
Cylinder,8,0.015,0.015,0.5
Translate,1.255,1.32,-6,
GenerateNormals

;煙突(前)
CreateMeshBuilder
Cylinder,16,0.205,0.205,0.95
Translate,0,2.52,-4.4,
Rotate,1,0,0,10
GenerateNormals
SetColor,150,150,150
CreateMeshBuilder
Cylinder,16,0.205,0.205,0.95
Translate,0,3.3,-3.8,
GenerateNormals
SetColor,150,150,150
CreateMeshBuilder
Cylinder,16,0.15,0.15,0.95
Translate,0,3.31,-3.8,
GenerateNormals
SetColor,10,10,10
CreateMeshBuilder
AddVertex,-0.2,3.78,-3.6
AddVertex,-0.2,2.8,-3.6
AddVertex,-0.2,3.78,-3.85
AddVertex,-0.2,2.8,-3.95
AddVertex,0.2,3.78,-3.6
AddVertex,0.2,2.8,-3.6
AddVertex,0.2,3.78,-3.85
AddVertex,0.2,2.8,-3.95
AddFace2,0,1,3,2
AddFace2,4,5,7,6
GenerateNormals
SetColor,150,150,150
CreateMeshBuilder
AddVertex,-0.2,3.78,-3.6
AddVertex,-0.2,3.78,-3.85
AddVertex,0.2,3.78,-3.6
AddVertex,0.2,3.78,-3.85
AddFace2,0,1,3,2
GenerateNormals
SetColor,100,100,100
;車体(運転台)
CreateMeshBuilder
AddVertex,-1.25,3.6,-3.4
AddVertex,-1.35,3.45,-3.4
AddVertex,-1.47,2.8,-3.4
AddVertex,-1.47,0.95,-3.4
AddVertex,-0.85,3.75,-3.6
AddVertex,-0.85,3.6,-3.6
AddVertex,-0.85,2.8,-3.6
AddVertex,-0.85,0.95,-3.6
AddVertex,0,3.8,-3.6
AddVertex,0,3.65,-3.6
AddVertex,0,2.8,-3.6
AddVertex,0,0.95,-3.6
AddVertex,0.85,3.75,-3.6
AddVertex,0.85,3.6,-3.6
AddVertex,0.85,2.8,-3.6
AddVertex,0.85,0.95,-3.6
AddVertex,1.25,3.6,-3.4
AddVertex,1.35,3.45,-3.4
AddVertex,1.47,2.8,-3.4
AddVertex,1.47,0.95,-3.4
AddFace2,0,1,5,4
AddFace2,1,2,6,5
AddFace2,2,3,7,6
Addface2,4,5,9,8
AddFace2,5,6,10,9
Addface2,6,7,11,10
AddFace2,8,9,13,12
Addface2,9,10,14,13
AddFace2,10,11,15,14
Addface2,12,17,13,16
AddFace2,13,14,18,17
AddFace2,14,15,19,18
GenerateNormals
LoadTexture,front_cab.bmp
SetTextureCoordinates,0,0.06,0.05
SetTextureCoordinates,1,0.05,0.1
SetTextureCoordinates,2,0,0.32
SetTextureCoordinates,3,0,1
SetTextureCoordinates,4,0.25,0
SetTextureCoordinates,5,0.25,0.05
SetTextureCoordinates,6,0.25,0.32
SetTextureCoordinates,7,0.25,1
SetTextureCoordinates,8,0.5,0
SetTextureCoordinates,9,0.5,0.05
SetTextureCoordinates,10,0.5,0.32
SetTextureCoordinates,11,0.5,1
SetTextureCoordinates,12,0.75,0
SetTextureCoordinates,13,0.75,0.05
SetTextureCoordinates,14,0.75,0.32
SetTextureCoordinates,15,0.75,1
SetTextureCoordinates,16,0.94,0.05
SetTextureCoordinates,17,0.95,0.1
SetTextureCoordinates,18,1,0.32
SetTextureCoordinates,19,1,1
CreateMeshBuilder
AddVertex,-1.25,3.6,-3.4
AddVertex,-1.25,3.6,-1.4
AddVertex,-1.35,3.45,-3.4
AddVertex,-1.35,3.45,-1.4
AddVertex,-1.47,2.5,-3.4
AddVertex,-1.47,2.5,-1.4
AddVertex,-1.47,0.95,-3.4
AddVertex,-1.47,0.95,-1.4
AddVertex,1.25,3.6,-3.4
AddVertex,1.25,3.6,-1.4
AddVertex,1.35,3.45,-3.4
AddVertex,1.35,3.45,-1.4
AddVertex,1.47,2.5,-3.4
AddVertex,1.47,2.5,-1.4
AddVertex,1.47,0.95,-3.4
AddVertex,1.47,0.95,-1.4
AddFace2,0,1,3,2
AddFace2,2,3,5,4
AddFace2,4,5,7,6
AddFace2,8,9,11,10
Addface2,10,11,13,12
AddFace2,12,13,15,14
GenerateNormals
LoadTexture,side-cab.bmp
SetTextureCoordinates,0,1,0
SetTextureCoordinates,1,0,0
SetTextureCoordinates,2,1,0.05
SetTextureCoordinates,3,0,0.05
SetTextureCoordinates,4,1,0.4
SetTextureCoordinates,5,0,0.4
SetTextureCoordinates,6,1,1
SetTextureCoordinates,7,0,1
SetTextureCoordinates,8,0,0
SetTextureCoordinates,9,1,0
SetTextureCoordinates,10,0,0.05
SetTextureCoordinates,11,1,0.05
SetTextureCoordinates,12,0,0.4
SetTextureCoordinates,13,1,0.4
SetTextureCoordinates,14,0,1
SetTextureCoordinates,15,1,1
CreateMeshBuilder
AddVertex,1.25,3.6,-1.4
AddVertex,1.35,3.45,-1.4
AddVertex,1.47,2.8,-1.4
AddVertex,1.47,0.95,-1.4
AddVertex,0.85,3.75,-1.2
AddVertex,0.85,3.6,-1.2
AddVertex,0.85,2.8,-1.2
AddVertex,0.85,0.95,-1.2
AddVertex,0,3.8,-1.2
AddVertex,0,3.65,-1.2
AddVertex,0,2.8,-1.2
AddVertex,0,0.95,-1.2
AddVertex,-0.85,3.75,-1.2
AddVertex,-0.85,3.6,-1.2
AddVertex,-0.85,2.8,-1.2
AddVertex,-0.85,0.95,-1.2
AddVertex,-1.25,3.6,-1.4
AddVertex,-1.35,3.45,-1.4
AddVertex,-1.47,2.8,-1.4
AddVertex,-1.47,0.95,-1.4
AddFace2,0,1,5,4
AddFace2,1,2,6,5
AddFace2,2,3,7,6
Addface2,4,5,9,8
AddFace2,5,6,10,9
Addface2,6,7,11,10
AddFace2,8,9,13,12
Addface2,9,10,14,13
AddFace2,10,11,15,14
Addface2,12,17,13,16
AddFace2,13,14,18,17
AddFace2,14,15,19,18
GenerateNormals
LoadTexture,front_cab.bmp
SetTextureCoordinates,0,0.06,0.05
SetTextureCoordinates,1,0.05,0.1
SetTextureCoordinates,2,0,0.32
SetTextureCoordinates,3,0,1
SetTextureCoordinates,4,0.25,0
SetTextureCoordinates,5,0.25,0.05
SetTextureCoordinates,6,0.25,0.32
SetTextureCoordinates,7,0.25,1
SetTextureCoordinates,8,0.5,0
SetTextureCoordinates,9,0.5,0.05
SetTextureCoordinates,10,0.5,0.32
SetTextureCoordinates,11,0.5,1
SetTextureCoordinates,12,0.75,0
SetTextureCoordinates,13,0.75,0.05
SetTextureCoordinates,14,0.75,0.32
SetTextureCoordinates,15,0.75,1
SetTextureCoordinates,16,0.94,0.05
SetTextureCoordinates,17,0.95,0.1
SetTextureCoordinates,18,1,0.32
SetTextureCoordinates,19,1,1
CreateMeshBuilder
AddVertex,-1.25,3.6,-3.4
AddVertex,-1.25,3.6,-1.4
AddVertex,-0.85,3.75,-3.6
AddVertex,-0.85,3.75,-1.2
AddVertex,0,3.8,-3.6
AddVertex,0,3.8,-1.2
AddVertex,0.85,3.75,-3.6
AddVertex,0.85,3.75,-1.2
AddVertex,1.25,3.6,-3.4
AddVertex,1.25,3.6,-1.4
AddFace2,0,1,3,2
Addface2,2,3,5,4
AddFace2,4,5,7,6
AddFace2,6,7,9,8
GenerateNormals
SetColor,150,150,150
;屋根上
CreateMeshBuilder
Cylinder,16,0.04,0.05,0.3
Translate,0,3.9,-2.4,
GenerateNormals
SetColor,120,120,120
CreateMeshBuilder
Cube,0.1,0.02,0.1
Translate,0,3.8,-2.4,
GenerateNormals
SetColor,100,100,100

;手摺り(左)
CreateMeshBuilder
Cylinder,8,0.015,0.015,0.35
Rotate,1,0,0,90
Translate,-1.45,2.1,-3.55,
GenerateNormals
CreateMeshBuilder
Cylinder,8,0.015,0.015,0.05
Rotate,1,0,0,60
Translate,-1.45,2.09,-3.74,
GenerateNormals
CreateMeshBuilder
Cylinder,8,0.015,0.015,0.05
Rotate,1,0,0,30
Translate,-1.45,2.06,-3.77,
GenerateNormals
CreateMeshBuilder
Cylinder,8,0.015,0.015,0.95
Translate,-1.45,1.58,-3.78,
GenerateNormals
;手摺り(右)
CreateMeshBuilder
Cylinder,8,0.015,0.015,0.2
Rotate,1,0,-0.1,90
Translate,1.46,2.1,-1.3,
GenerateNormals
CreateMeshBuilder
Cylinder,8,0.015,0.015,0.05
Rotate,1,0,0,-60
Translate,1.47,2.09,-1.19,
GenerateNormals
CreateMeshBuilder
Cylinder,8,0.015,0.015,0.05
Rotate,1,0,0,-30
Translate,1.47,2.06,-1.16,
GenerateNormals
CreateMeshBuilder
Cylinder,8,0.015,0.015,0.95
Translate,1.47,1.58,-1.15,
GenerateNormals

CreateMeshBuilder
Cylinder,8,0.015,0.015,0.95
Translate,1.45,1.58,-0.71,
GenerateNormals
CreateMeshBuilder
Cylinder,8,0.015,0.015,0.05
Rotate,1,0,0,60
Translate,1.45,2.09,-0.67,
GenerateNormals
CreateMeshBuilder
Cylinder,8,0.015,0.015,0.05
Rotate,1,0,0,30
Translate,1.45,2.06,-0.7,
GenerateNormals
CreateMeshBuilder
Cylinder,8,0.015,0.015,0.15
Rotate,1,0,0,90
Translate,1.45,2.1,-0.58,
GenerateNormals
CreateMeshBuilder
Cylinder,8,0.015,0.015,0.05
Rotate,1,0,0,-60
Translate,1.45,2.09,-0.49,
GenerateNormals
CreateMeshBuilder
Cylinder,8,0.015,0.015,0.05
Rotate,1,0,0,-30
Translate,1.45,2.06,-0.46,
GenerateNormals
CreateMeshBuilder
Cylinder,8,0.015,0.015,0.95
Translate,1.45,1.58,-0.45,
GenerateNormals

;煙突(後)
CreateMeshBuilder
Cylinder,16,0.205,0.205,0.95
Translate,0,3.38,-0.3,
Rotate,1,0,0,-10
GenerateNormals
SetColor,150,150,150
CreateMeshBuilder
Cylinder,16,0.205,0.205,1.1
Translate,0,3.23,-1.,
GenerateNormals
SetColor,150,150,150
CreateMeshBuilder
Cylinder,16,0.15,0.15,1.1
Translate,0,3.231,-1,
GenerateNormals
SetColor,10,10,10
CreateMeshBuilder
AddVertex,-0.2,3.78,-1.2
AddVertex,-0.2,2.8,-1.2
AddVertex,-0.2,3.78,-0.95
AddVertex,-0.2,2.8,-0.85
AddVertex,0.2,3.78,-1.2
AddVertex,0.2,2.8,-1.2
AddVertex,0.2,3.78,-0.95
AddVertex,0.2,2.8,-0.85
AddFace2,0,1,3,2
AddFace2,4,5,7,6
GenerateNormals
SetColor,150,150,150
CreateMeshBuilder
AddVertex,-0.2,3.775,-1.2
AddVertex,-0.2,3.775,-0.95
AddVertex,0.2,3.775,-1.2
AddVertex,0.2,3.775,-0.95
AddFace2,0,1,3,2
GenerateNormals
SetColor,100,100,100

;車体(後)
CreateMeshBuilder
AddVertex,1.,2.7,6.2
AddVertex,1.,0.95,6.2
AddVertex,0.9,2.72,6.25
AddVertex,0.9,0.95,6.25
AddVertex,0.55,2.75,6.4
AddVertex,0.55,1,6.4
AddVertex,-0.55,2.75,6.4
AddVertex,-0.55,1,6.4
AddVertex,-0.9,2.72,6.25
AddVertex,-0.9,0.95,6.25
AddVertex,-1.,2.7,6.2
AddVertex,-1.,0.95,6.2
AddVertex,0.9,2.8,6.2
AddVertex,0.55,2.85,6.35
AddVertex,-0.55,2.85,6.35
AddVertex,-0.9,2.8,6.2
AddFace2,0,1,2,3
AddFace2,2,3,5,4
AddFace2,4,5,7,6
AddFace2,6,7,9,8
AddFace2,8,9,11,10
AddFace2,0,12,2
AddFace2,12,13,4,2
AddFace2,13,14,6,4
AddFace2,14,15,8,6
AddFace2,15,10,8
GenerateNormals
LoadTexture,front1.bmp
SetTextureCoordinates,0,0,0.09
SetTextureCoordinates,1,0,1
SetTextureCoordinates,2,0.03,0.08
SetTextureCoordinates,3,0.03,1
SetTextureCoordinates,4,0.26,0.065
SetTextureCoordinates,5,0.26,0.97
SetTextureCoordinates,6,0.74,0.065
SetTextureCoordinates,7,0.74,0.97
SetTextureCoordinates,8,0.97,0.08
SetTextureCoordinates,9,0.97,1
SetTextureCoordinates,10,1,0.09
SetTextureCoordinates,11,1,1
SetTextureCoordinates,12,0.03,0.005
SetTextureCoordinates,13,0.26,0.001
SetTextureCoordinates,14,0.74,0.001
SetTextureCoordinates,15,0.97,0.005
CreateMeshBuilder
AddVertex,-0.85,2.7,-1.2
AddVertex,-0.75,2.8,-1.2
AddVertex,-0.55,2.85,-1.2
AddVertex,0.55,2.85,-1.2
AddVertex,0.75,2.8,-1.2
AddVertex,0.85,2.7,-1.2
AddVertex,-1,2.7,-1
AddVertex,-0.9,2.8,-1
AddVertex,-0.55,2.85,-1
AddVertex,0.55,2.85,-1
AddVertex,0.85,2.8,-1
AddVertex,1,2.7,-1
AddVertex,-1,2.7,6.2
AddVertex,-0.9,2.8,6.2
AddVertex,-0.55,2.85,6.35
AddVertex,0.55,2.85,6.35
AddVertex,0.9,2.8,6.2
AddVertex,1,2.7,6.2
AddFace2,0,1,7,6
AddFace2,1,2,8,7
AddFace2,2,3,9,8
AddFace2,3,4,10,9
AddFace2,4,5,11,10
AddFace2,6,7,13,12
AddFace2,7,8,14,13
AddFace2,8,9,15,14
AddFace2,9,10,16,15
Addface2,10,11,17,16
GenerateNormals
LoadTexture,roof.bmp
SetTextureCoordinates,0,1,0
SetTextureCoordinates,1,1,0.01
SetTextureCoordinates,2,1,0.25
SetTextureCoordinates,3,1,0.75
SetTextureCoordinates,4,1,0.99
SetTextureCoordinates,5,1,1
SetTextureCoordinates,6,0.99,0
SetTextureCoordinates,7,0.99,0.01
SetTextureCoordinates,8,0.99,0.25
SetTextureCoordinates,9,0.99,0.75
SetTextureCoordinates,10,0.99,0.99
SetTextureCoordinates,11,0.99,1
SetTextureCoordinates,12,0.035,0
SetTextureCoordinates,13,0.03,0.01
SetTextureCoordinates,14,0,0.25
SetTextureCoordinates,15,0,0.75
SetTextureCoordinates,16,0.03,0.99
SetTextureCoordinates,17,0.035,1
CreateMeshBuilder
AddVertex,-1,2.7,6.2
AddVertex,-1,0.95,6.2
AddVertex,-1,2.7,-1
AddVertex,-1,0.95,-1
AddVertex,-0.85,2.7,-1.2
AddVertex,-0.85,0.95,-1.2
AddVertex,1,2.7,6.2
AddVertex,1,0.95,6.2
AddVertex,1,2.7,-1
AddVertex,1,0.95,-1
AddVertex,0.85,2.7,-1.2
AddVertex,0.85,0.95,-1.2
AddFace2,0,1,2,3
AddFace2,2,3,5,4
AddFace2,6,7,9,8
AddFace2,8,9,11,10
GenerateNormals
LoadTexture,side2.bmp
SetTextureCoordinates,0,1,0.05
SetTextureCoordinates,1,1,1
SetTextureCoordinates,2,0.05,0.05
SetTextureCoordinates,3,0.05,1
SetTextureCoordinates,4,0,0.05
SetTextureCoordinates,5,0,1
SetTextureCoordinates,6,1,0.05
SetTextureCoordinates,7,1,1
SetTextureCoordinates,8,0.05,0.05
SetTextureCoordinates,9,0.05,1
SetTextureCoordinates,10,0,0.05
SetTextureCoordinates,11,0,1
CreateMeshBuilder
AddVertex,-1.47,0.95,2.75
AddVertex,-1.47,0.95,-1.4
AddVertex,-1.47,1.6,-1.4
AddVertex,-1.47,1.6,2.75
AddVertex,1.47,1.6,-1.4
AddVertex,1.47,1.6,2.75
AddVertex,1.47,0.95,2.75
AddVertex,1.47,0.95,-1.4
AddFace2,0,1,2,3
AddFace2,4,5,6,7
AddFace2,2,3,5,4
GenerateNormals
LoadTexture,side3.bmp
SetTextureCoordinates,0,1,0
SetTextureCoordinates,1,0,0
SetTextureCoordinates,2,0,0.25
SetTextureCoordinates,3,1,0.25
SetTextureCoordinates,4,0,0.755
SetTextureCoordinates,5,1,0.755
SetTextureCoordinates,6,1,1
SetTextureCoordinates,7,0,1
CreateMeshBuilder
AddVertex,-1.47,1.6,2.75
AddVertex,1.47,1.6,2.75
AddVertex,1.47,0.95,2.75
AddVertex,-1.47,0.95,2.75
AddFace2,0,1,2,3
GenerateNormals
LoadTexture,side3.bmp
SetTextureCoordinates,0,0.16,0.75
SetTextureCoordinates,1,0.15,0.75
SetTextureCoordinates,2,0.15,1
SetTextureCoordinates,3,0.16,1
;横手摺り(左)
GenerateNormals
CreateMeshBuilder
Cylinder,8,0.015,0.015,0.95
Translate,-1.45,1.58,5.40,
GenerateNormals
CreateMeshBuilder
Cylinder,8,0.015,0.015,0.05
Rotate,1,0,0,60
Translate,-1.45,2.09,5.44,
GenerateNormals
CreateMeshBuilder
Cylinder,8,0.015,0.015,0.05
Rotate,1,0,0,30
Translate,-1.45,2.06,5.41,
GenerateNormals
CreateMeshBuilder
Cylinder,8,0.015,0.015,0.48
Rotate,1,0,0,90
Translate,-1.45,2.1,5.7,
GenerateNormals
CreateMeshBuilder
Cylinder,8,0.015,0.015,0.05
Rotate,1,0,0,-60
Translate,-1.45,2.09,5.96,
GenerateNormals
CreateMeshBuilder
Cylinder,8,0.015,0.015,0.05
Rotate,1,0,0,-30
Translate,-1.45,2.06,5.99,
GenerateNormals
CreateMeshBuilder
Cylinder,8,0.015,0.015,0.5
Translate,-0.58,2.18,6,
Rotate,0,0,1,22
GenerateNormals
CreateMeshBuilder
Cylinder,8,0.015,0.015,0.5
Translate,-1.255,1.32,6,
GenerateNormals
;前方横手摺り(右)
GenerateNormals
CreateMeshBuilder
Cylinder,8,0.015,0.015,0.95
Translate,1.45,1.58,5.40,
GenerateNormals
CreateMeshBuilder
Cylinder,8,0.015,0.015,0.05
Rotate,1,0,0,60
Translate,1.45,2.09,5.44,
GenerateNormals
CreateMeshBuilder
Cylinder,8,0.015,0.015,0.05
Rotate,1,0,0,30
Translate,1.45,2.06,5.41,
GenerateNormals
CreateMeshBuilder
Cylinder,8,0.015,0.015,0.48
Rotate,1,0,0,90
Translate,1.45,2.1,5.7,
GenerateNormals
CreateMeshBuilder
Cylinder,8,0.015,0.015,0.05
Rotate,1,0,0,-60
Translate,1.45,2.09,5.96,
GenerateNormals
CreateMeshBuilder
Cylinder,8,0.015,0.015,0.05
Rotate,1,0,0,-30
Translate,1.45,2.06,5.99,
GenerateNormals
CreateMeshBuilder
Cylinder,8,0.015,0.015,0.51
Translate,0.58,2.18,6,
Rotate,0,0,1,-22
GenerateNormals
CreateMeshBuilder
Cylinder,8,0.015,0.015,0.5
Translate,1.255,1.32,6,
GenerateNormals


;後デッキ
CreateMeshBuilder
AddVertex,-1.2,1.0,6.8
AddVertex,-1.2,0.55,6.8
AddVertex,-1.15,1.05,6.8
AddVertex,-1.15,0.5,6.8
AddVertex,1.15,1.05,6.8
AddVertex,1.15,0.5,6.8
AddVertex,1.2,1.0,6.8
AddVertex,1.2,0.55,6.8
AddFace2,0,1,3,2
AddFace2,2,3,5,4
AddFace2,4,5,7,6
GenerateNormals
SetColor,100,100,100
CreateMeshBuilder
AddVertex,-1.15,0.5,6.75
AddVertex,-1.15,0.5,6.8
AddVertex,-1.2,0.55,6.75
AddVertex,-1.2,0.55,6.8
AddVertex,-1.2,1.0,6.75
AddVertex,-1.2,1.0,6.8
AddVertex,-1.15,1.05,6.75
AddVertex,-1.15,1.05,6.8
AddVertex,1.15,1.05,6.75
AddVertex,1.15,1.05,6.8
AddVertex,1.2,1.0,6.75
AddVertex,1.2,1.0,6.8
AddVertex,1.2,0.55,6.75
AddVertex,1.2,0.55,6.8
AddVertex,1.15,0.5,6.75
AddVertex,1.15,0.5,6.8
AddFace2,0,1,3,2
AddFace2,2,3,5,4
AddFace2,4,5,7,6
Addface2,6,7,9,8
AddFace2,8,9,11,10
AddFace2,10,11,13,12
AddFace2,12,13,15,14
GenerateNormals
CreateMeshBuilder
AddVertex,-0.3,0.95,6.81
AddVertex,-0.3,0.5,6.81
AddVertex,0.3,0.95,6.81
AddVertex,0.3,0.5,6.81
AddFace2,0,1,3,2
GenerateNormals
SetColor,30,30,30
CreateMeshBuilder
AddVertex,-0.85,0.5,6.8
AddVertex,-0.85,0.5,6.2
AddVertex,-0.85,1,6.8
AddVertex,-0.85,1,6.2
AddVertex,0.85,1,6.8
AddVertex,0.85,1,6.2
AddVertex,0.85,0.5,6.8
AddVertex,0.85,0.5,6.2
AddFace2,0,1,3,2
AddFace2,2,3,5,4
AddFace2,4,5,7,6
GenerateNormals
SetColor,30,30,30
CreateMeshBuilder
AddVertex,-1.2,0.95,6.2
AddVertex,-1.2,0.5,6.2
AddVertex,1.2,0.95,6.2
AddVertex,1.2,0.5,6.2
AddFace2,0,1,3,2
GenerateNormals
SetColor,30,30,30
;栓受け
CreateMeshBuilder
AddVertex,-0.78,1.03,6.81
AddVertex,-0.6,1.03,6.81
AddVertex,-0.6,0.82,6.81
AddVertex,-0.78,0.82,6.81
AddVertex,0.78,1.03,6.81
AddVertex,0.6,1.03,6.81
AddVertex,0.6,0.82,6.81
AddVertex,0.78,0.82,6.81
AddFace2,0,1,2,3
AddFace2,4,5,6,7
GenerateNormals
LoadTexture,plug.bmp
SetTextureCoordinates,0,0,0
SetTextureCoordinates,1,1,0
SetTextureCoordinates,2,1,1
SetTextureCoordinates,3,0,1
SetTextureCoordinates,4,0,0
SetTextureCoordinates,5,1,0
SetTextureCoordinates,6,1,1
SetTextureCoordinates,7,0,1
CreateMeshBuilder
AddVertex,-0.38,1.7,6.9
AddVertex,-0.38,1.6,6.9
AddVertex,-0.6,1.7,6.79
AddVertex,-0.6,1.6,6.79
AddVertex,-0.8,1.7,6.79
AddVertex,-0.8,1.6,6.79
AddFace2,0,1,2,3
AddFace2,2,3,5,4
GenerateNormals
SetColor,217,77,44
CreateMeshBuilder
Cylinder,16,0.055,0.055,0.05
Rotate,1,0,0,45
Translate,-0.7,1.55,6.82
GenerateNormals
SetColor,207,73,43
CreateMeshBuilder
Cylinder,8,0.015,0.015,0.6
Translate,-0.6,1.35,6.77,
GenerateNormals
;ジャンパ線(後)
CreateMeshBuilder
AddVertex,-0.89,0.8,6.81
AddVertex,-0.85,0.8,6.81
AddVertex,-0.89,0.52,6.9
AddVertex,-0.85,0.52,6.9
AddVertex,-0.89,0.3,6.81
AddVertex,-0.85,0.3,6.81
AddFace2,0,1,3,2
AddFace2,2,3,5,4
GenerateNormals
LoadTexture,airhose1.bmp
SetTextureCoordinates,0,0,0
SetTextureCoordinates,1,1,0
SetTextureCoordinates,2,0,0.5
SetTextureCoordinates,3,1,0.5
SetTextureCoordinates,4,0,1
SetTextureCoordinates,5,1,1
CreateMeshBuilder
AddVertex,-0.9,0.82,6.81
AddVertex,-0.84,0.82,6.81
AddVertex,-0.84,0.77,6.81
AddVertex,-0.9,0.77,6.81
AddFace2,0,1,2,3
GenerateNormals
LoadTexture,skirt_shadow.bmp
SetTextureCoordinates,0,0,0
SetTextureCoordinates,1,1,0
SetTextureCoordinates,2,1,1
SetTextureCoordinates,3,0,1
CreateMeshBuilder
AddVertex,-0.74,0.75,6.81
AddVertex,-0.7,0.75,6.81
AddVertex,-0.74,0.52,6.9
AddVertex,-0.7,0.52,6.9
AddVertex,-0.74,0.3,6.81
AddVertex,-0.7,0.3,6.81
AddFace2,0,1,3,2
AddFace2,2,3,5,4
GenerateNormals
LoadTexture,airhose1.bmp
SetTextureCoordinates,0,0,0
SetTextureCoordinates,1,1,0
SetTextureCoordinates,2,0,0.5
SetTextureCoordinates,3,1,0.5
SetTextureCoordinates,4,0,1
SetTextureCoordinates,5,1,1
CreateMeshBuilder
AddVertex,-0.69,0.77,6.81
AddVertex,-0.75,0.77,6.81
AddVertex,-0.75,0.72,6.81
AddVertex,-0.69,0.72,6.81
AddFace2,0,1,2,3
GenerateNormals
LoadTexture,skirt_shadow.bmp
SetTextureCoordinates,0,0,0
SetTextureCoordinates,1,1,0
SetTextureCoordinates,2,1,1
SetTextureCoordinates,3,0,1
CreateMeshBuilder
AddVertex,-0.45,0.8,6.81
AddVertex,-0.49,0.8,6.81
AddVertex,-0.25,0.6,6.9
AddVertex,-0.29,0.6,6.9
AddVertex,-0.,0.5,6.81
AddVertex,-0.,0.5,6.81
AddFace2,0,1,3,2
AddFace2,2,3,5,4
GenerateNormals
LoadTexture,airhose1.bmp
SetTextureCoordinates,0,0,0
SetTextureCoordinates,1,1,0
SetTextureCoordinates,2,0,0.7
SetTextureCoordinates,3,1,0.7
SetTextureCoordinates,4,0,1
SetTextureCoordinates,5,1,1
CreateMeshBuilder
AddVertex,-0.5,0.82,6.81
AddVertex,-0.44,0.82,6.81
AddVertex,-0.44,0.77,6.81
AddVertex,-0.5,0.77,6.81
AddFace2,0,1,2,3
GenerateNormals
LoadTexture,skirt_shadow.bmp
SetTextureCoordinates,0,0,0
SetTextureCoordinates,1,1,0
SetTextureCoordinates,2,1,1
SetTextureCoordinates,3,0,1
CreateMeshBuilder
AddVertex,0.74,0.75,6.81
AddVertex,0.7,0.75,6.81
AddVertex,0.74,0.52,6.9
AddVertex,0.7,0.52,6.9
AddVertex,0.74,0.3,6.81
AddVertex,0.7,0.3,6.81
AddFace2,0,1,3,2
AddFace2,2,3,5,4
GenerateNormals
LoadTexture,airhose1.bmp
SetTextureCoordinates,0,0,0
SetTextureCoordinates,1,1,0
SetTextureCoordinates,2,0,0.5
SetTextureCoordinates,3,1,0.5
SetTextureCoordinates,4,0,1
SetTextureCoordinates,5,1,1
CreateMeshBuilder
AddVertex,0.69,0.77,6.81
AddVertex,0.75,0.77,6.81
AddVertex,0.75,0.72,6.81
AddVertex,0.69,0.72,6.81
AddFace2,0,1,2,3
GenerateNormals
LoadTexture,skirt_shadow.bmp
SetTextureCoordinates,0,0,0
SetTextureCoordinates,1,1,0
SetTextureCoordinates,2,1,1
SetTextureCoordinates,3,0,1
CreateMeshBuilder
AddVertex,0.89,0.8,6.81
AddVertex,0.85,0.8,6.81
AddVertex,0.89,0.52,6.9
AddVertex,0.85,0.52,6.9
AddVertex,0.89,0.3,6.81
AddVertex,0.85,0.3,6.81
AddFace2,0,1,3,2
AddFace2,2,3,5,4
GenerateNormals
LoadTexture,airhose1.bmp
SetTextureCoordinates,0,0,0
SetTextureCoordinates,1,1,0
SetTextureCoordinates,2,0,0.5
SetTextureCoordinates,3,1,0.5
SetTextureCoordinates,4,0,1
SetTextureCoordinates,5,1,1
CreateMeshBuilder
AddVertex,0.9,0.82,6.81
AddVertex,0.84,0.82,6.81
AddVertex,0.84,0.77,6.81
AddVertex,0.9,0.77,6.81
AddFace2,0,1,2,3
GenerateNormals
LoadTexture,skirt_shadow.bmp
SetTextureCoordinates,0,0,0
SetTextureCoordinates,1,1,0
SetTextureCoordinates,2,1,1
SetTextureCoordinates,3,0,1


;前手摺り(左)
CreateMeshBuilder
Cylinder,8,0.015,0.015,0.1
Translate,-0.38,4.27,5.405,
Rotate,1,0,0,30
GenerateNormals
CreateMeshBuilder
Cylinder,8,0.015,0.015,0.25
Translate,-0.38,1.15,6.84,
GenerateNormals
CreateMeshBuilder
Cylinder,8,0.015,0.015,0.3
Translate,-0.38,2.58,6.52,
Rotate,1,0,0,10
GenerateNormals
CreateMeshBuilder
Cylinder,8,0.015,0.015,0.3
Translate,-0.38,1.69,6.89,
GenerateNormals
CreateMeshBuilder
Cylinder,8,0.015,0.015,0.05
Rotate,1,0,45,-150
Translate,-0.39,1.85,6.89,
GenerateNormals
CreateMeshBuilder
Cylinder,8,0.015,0.015,0.05
Rotate,1,0,45,-120
Translate,-0.42,1.88,6.89,
GenerateNormals
CreateMeshBuilder
Cylinder,8,0.015,0.015,0.5
Rotate,1,0,-4,90
Translate,-0.68,1.89,6.83,
GenerateNormals
CreateMeshBuilder
Cylinder,8,0.015,0.015,0.9
Translate,-0.8,1.45,6.8,
GenerateNormals
CreateMeshBuilder
Cylinder,8,0.015,0.015,0.05
Rotate,1,0,45,120
Translate,-0.94,1.88,6.77,
GenerateNormals
CreateMeshBuilder
Cylinder,8,0.015,0.015,0.8
Translate,-1.59,0.98,6.77,
Rotate,0,0,1,-22
GenerateNormals
CreateMeshBuilder
Cylinder,8,0.015,0.015,0.4
Translate,-1.255,0.95,6.77,
GenerateNormals
CreateMeshBuilder
Cylinder,8,0.015,0.015,0.15
Rotate,1,0,45,-150
Translate,-1.22,0.7,6.77,
GenerateNormals
;前手摺り(右)
CreateMeshBuilder
Cylinder,8,0.015,0.015,0.1
Translate,0.38,4.27,5.405,
Rotate,1,0,0,30
GenerateNormals
CreateMeshBuilder
Cylinder,8,0.015,0.015,0.25
Translate,0.38,1.15,6.84,
GenerateNormals
CreateMeshBuilder
Cylinder,8,0.015,0.015,0.3
Translate,0.38,2.58,6.52,
Rotate,1,0,0,10
GenerateNormals
CreateMeshBuilder
Cylinder,8,0.015,0.015,0.3
Translate,0.38,1.69,6.89,
GenerateNormals
CreateMeshBuilder
Cylinder,8,0.015,0.015,0.05
Rotate,1,0,45,150
Translate,0.39,1.85,6.89,
GenerateNormals
CreateMeshBuilder
Cylinder,8,0.015,0.015,0.05
Rotate,1,0,45,120
Translate,0.42,1.88,6.89,
GenerateNormals
CreateMeshBuilder
Cylinder,8,0.015,0.015,0.5
Rotate,1,0,4,90
Translate,0.68,1.89,6.83,
GenerateNormals
CreateMeshBuilder
Cylinder,8,0.015,0.015,0.9
Translate,0.8,1.45,6.8,
GenerateNormals
CreateMeshBuilder
Cylinder,8,0.015,0.015,0.05
Rotate,1,0,45,-120
Translate,0.94,1.88,6.77,
GenerateNormals
CreateMeshBuilder
Cylinder,8,0.015,0.015,0.8
Translate,1.59,0.98,6.77,
Rotate,0,0,1,22
GenerateNormals
CreateMeshBuilder
Cylinder,8,0.015,0.015,0.4
Translate,1.255,0.95,6.77,
GenerateNormals
CreateMeshBuilder
Cylinder,8,0.015,0.015,0.15
Rotate,1,0,45,150
Translate,1.22,0.7,6.77,
GenerateNormals

;鎖
CreateMeshBuilder
AddVertex,-0.37,1.8,6.88
AddVertex,-0.37,1.77,6.88
AddVertex,-0.2,1.66,6.88
AddVertex,-0.2,1.63,6.88
AddVertex,0,1.61,6.88
AddVertex,0,1.58,6.88
AddVertex,0.2,1.66,6.88
AddVertex,0.2,1.63,6.88
AddVertex,0.37,1.8,6.88
AddVertex,0.37,1.77,6.88
AddFace2,0,1,3,2
AddFace2,2,3,5,4
AddFace2,4,5,7,6
AddFace2,6,7,9,8
GenerateNormals
LoadTexture,chain.bmp
SetTextureCoordinates,0,0,0
SetTextureCoordinates,1,0,1
SetTextureCoordinates,2,2,0
SetTextureCoordinates,3,2,1
SetTextureCoordinates,4,4,0
SetTextureCoordinates,5,4,1
SetTextureCoordinates,6,6,0
SetTextureCoordinates,7,6,1
SetTextureCoordinates,8,8,0
SetTextureCoordinates,9,8,1

;スノープラウ
CreateMeshBuilder
AddVertex,-1.35,0.5,6.
AddVertex,-1.35,0.3,6.
AddVertex,-1.05,0.5,6.18
AddVertex,-1.05,0.1,6.18
AddVertex,0,0.5,6.95
AddVertex,0,0.15,6.95
AddVertex,1.05,0.5,6.18
AddVertex,1.05,0.1,6.18
AddVertex,1.35,0.5,6.
AddVertex,1.35,0.3,6.
AddFace2,0,1,3,2
AddFace2,2,3,5,4
AddFace2,4,5,7,6
Addface2,6,7,9,8
GenerateNormals
SetColor,30,30,30
;階段
CreateMeshBuilder
Cube,1.05,0.01,0.29
Translate,,0.8,6.5
GenerateNormals
Setcolor,40,40,40
CreateMeshBuilder
Cube,1.17,0.01,0.29
Translate,,0.51,6.5
GenerateNormals
Setcolor,40,40,40
CreateMeshBuilder
AddVertex,-1.35,0.33,6.
AddVertex,-1.35,0.33,6.8
AddVertex,-1.05,0.33,6.8
AddVertex,-1.05,0.33,6.18
AddFace2,0,1,3,2
GenerateNormals
SetColor,30,30,30
CreateMeshBuilder
AddVertex,-1.35,0.33,6.
AddVertex,-1.35,0.33,6.8
AddVertex,-1.35,0.3,6.8
AddVertex,-1.35,0.3,6.
AddFace2,0,1,3,2
GenerateNormals
CreateMeshBuilder
AddVertex,-1.1,0.52,6.81
AddVertex,-1.0,0.52,6.81
AddVertex,-1.35,0.35,6.8
AddVertex,-1.0,0.35,6.8
AddVertex,-1.35,0.3,6.8
AddVertex,-1.05,0.3,6.8
AddVertex,-1.1,0.35,6.8
AddFace2,0,1,3,6
AddFace2,2,3,5,4
GenerateNormals
SetColor,80,80,80
CreateMeshBuilder
AddVertex,1.35,0.33,6.
AddVertex,1.35,0.33,6.8
AddVertex,1.05,0.33,6.8
AddVertex,1.05,0.33,6.18
AddFace2,0,1,3,2
GenerateNormals
SetColor,30,30,30
CreateMeshBuilder
AddVertex,1.35,0.33,6.
AddVertex,1.35,0.33,6.8
AddVertex,1.35,0.3,6.8
AddVertex,1.35,0.3,6.
AddFace2,0,1,3,2
GenerateNormals
CreateMeshBuilder
AddVertex,1.1,0.52,6.81
AddVertex,1.0,0.52,6.81
AddVertex,1.35,0.35,6.8
AddVertex,1.0,0.35,6.8
AddVertex,1.35,0.3,6.8
AddVertex,1.05,0.3,6.8
AddVertex,1.1,0.35,6.8
AddFace2,0,1,3,6
AddFace2,2,3,5,4
GenerateNormals
SetColor,80,80,80


;尾灯
CreateMeshBuilder
Cylinder,16,-0.07,-0.07,0.1
Rotate,1,0,0,90
Translate,-0.92,0.93,6.8
GenerateNormals
SetColor,80,80,80
CreateMeshBuilder
AddVertex,-0.99,1,6.85
AddVertex,-0.85,1,6.85
AddVertex,-0.85,0.86,6.85
AddVertex,-0.99,0.86,6.85
AddFace2,0,1,2,3
GenerateNormals
LoadTexture,light-tail.bmp
SetTextureCoordinates,0,0,0
SetTextureCoordinates,1,1,0
SetTextureCoordinates,2,1,1
SetTextureCoordinates,3,0,1
SetDecalTransparentColor,0,0,0
CreateMeshBuilder
Cylinder,16,-0.07,-0.07,0.1
Rotate,1,0,0,90
Translate,0.92,0.93,6.8
GenerateNormals
SetColor,80,80,80
CreateMeshBuilder
AddVertex,0.99,1,6.85
AddVertex,0.85,1,6.85
AddVertex,0.85,0.86,6.85
AddVertex,0.99,0.86,6.85
AddFace2,0,1,2,3
GenerateNormals
LoadTexture,light-tail.bmp
SetTextureCoordinates,0,0,0
SetTextureCoordinates,1,1,0
SetTextureCoordinates,2,1,1
SetTextureCoordinates,3,0,1
SetDecalTransparentColor,0,0,0

;連結器(後)
CreateMeshBuilder
Cube,0.09,0.15,0.03
Translate,0.14,0.8,7.15
Setcolor,100,100,100
GenerateNormals
CreateMeshBuilder
Cube,0.02,0.15,0.06
Translate,0.2,0.8,7.06
Setcolor,70,70,70
GenerateNormals
CreateMeshBuilder
Cube,0.2,0.15,0.03
Translate,,0.8,6.97
Setcolor,50,50,50,
GenerateNormals
CreateMeshBuilder
Cube,0.02,0.15,0.06
Translate,-0.2,0.8,7.06
Setcolor,70,70,70
GenerateNormals
CreateMeshBuilder
Cube,0.07,0.07,0.15
Translate,,0.8,6.8
Setcolor,50,50,50,
GenerateNormals


;台枠
CreateMeshBuilder
AddVertex,-1.2,0.95,-6.2
AddVertex,-1.2,1.1,-6.2
AddVertex,-1.465,0.95,-5.7
AddVertex,-1.465,1.1,-5.7
AddVertex,-1.465,0.95,5.7
AddVertex,-1.465,1.1,5.7
AddVertex,-1.2,0.95,6.2
AddVertex,-1.2,1.1,6.2
AddVertex,1.2,0.95,6.2
AddVertex,1.2,1.1,6.2
AddVertex,1.465,0.95,5.7
AddVertex,1.465,1.1,5.7
AddVertex,1.465,0.95,-5.7
AddVertex,1.465,1.1,-5.7
AddVertex,1.2,0.95,-6.2
AddVertex,1.2,1.1,-6.2
AddFace2,0,1,3,2
AddFace2,2,3,5,4
AddFace2,4,5,7,6
AddFace2,6,7,9,8
Addface2,8,9,11,10
Addface2,10,11,13,12
Addface2,12,13,15,14
AddFace2,14,15,1,0
GenerateNormals
SetColor,194,192,179
CreateMeshBuilder
AddVertex,-1.2,1.1,-6.2
AddVertex,-1.465,1.1,-5.7
AddVertex,-1.465,1.1,5.7
AddVertex,-1.2,1.1,6.2
AddVertex,1.2,1.1,6.2
AddVertex,1.465,1.1,5.7
AddVertex,1.465,1.1,-5.7
AddVertex,1.2,1.1,-6.2
AddFace2,0,1,3,2
AddFace2,2,3,5,4
AddFace2,4,5,7,6
AddFace2,0,3,4,7
GenerateNormals
SetColor,30,30,30

;前台車
CreateMeshBuilder
AddVertex,-1.,1,-5.8
AddVertex,-1.,0.7,-5.8
AddVertex,-1.,0.65,-5.8
AddVertex,-1.4,1,-5.8
AddVertex,-1.4,0.7,-5.8
AddVertex,-1.3,0.65,-5.8
AddVertex,-1.4,1,-5.1
AddVertex,-1.4,0.7,-5.1
AddVertex,-1.3,0.65,-5.1
AddVertex,-1.,1,-5.1
AddVertex,-1.,0.7,-5.1
AddVertex,-1.,0.65,-5.1
AddFace2,0,1,4,3
AddFace2,1,2,5,4
AddFace2,3,4,7,6
AddFace2,4,5,8,7
AddFace2,6,7,10,9
Addface2,7,8,11,10
AddFace2,2,5,7,11
GenerateNormals
SetColor,50,50,50
CreateMeshBuilder
Cube,0.15,0.2,0.1
Translate,-1,0.45,-5.8
SetColor,60,60,60
GenerateNormals
CreateMeshBuilder
Cylinder,8,0.03,0.03,0.65
Rotate,1,0,0,90
Translate,-0.9,0.3,-5.38,
GenerateNormals
SetColor,70,70,70
CreateMeshBuilder
AddVertex,-0.75,1,-4.15
AddVertex,-0.75,0.25,-4.15
AddVertex,-1.01,1,-4.15
AddVertex,-1.01,0.25,-4.15
AddVertex,-1.01,1,-4.85
AddVertex,-1.01,0.25,-4.85
AddVertex,-0.75,1,-4.85
AddVertex,-0.75,0.25,-4.85
AddVertex,-1.01,0.45,-4.85
AddVertex,-1.01,0.25,-4.85
AddVertex,-1.01,0.4,-5.05
AddVertex,-1.01,0.25,-5.05
AddVertex,-0.75,0.45,-4.85
AddVertex,-0.75,0.25,-4.85
AddVertex,-0.75,0.4,-5.05
AddVertex,-0.75,0.25,-5.05
AddFace2,0,1,3,2
AddFace2,2,3,5,4
AddFace2,4,5,7,6
AddFace2,8,9,11,10
AddFace2,8,10,14,12
AddFace2,12,13,15,14
AddFace2,10,11,15,14
GenerateNormals
LoadTexture,DT131.bmp
SetTextureCoordinates,0,1,0
SetTextureCoordinates,1,1,1
SetTextureCoordinates,2,0.98,0
SetTextureCoordinates,3,0.98,1
SetTextureCoordinates,4,0.22,0
SetTextureCoordinates,5,0.22,1
SetTextureCoordinates,6,0.2,0
SetTextureCoordinates,7,0.2,1
SetTextureCoordinates,8,0.2,0.8
SetTextureCoordinates,9,0.2,1
SetTextureCoordinates,10,0.005,0.8
SetTextureCoordinates,11,0.005,1
SetTextureCoordinates,12,0.2,0.8
SetTextureCoordinates,13,0.2,1
SetTextureCoordinates,14,0.005,0.8
SetTextureCoordinates,15,0.005,1
CreateMeshBuilder
AddVertex,-0.65,0.4,-5.95
AddVertex,-0.65,0.4,-3.1
AddVertex,-0.65,0.3,-3.1
AddVertex,-0.65,0.3,-5.95
AddVertex,0.65,0.4,-5.95
AddVertex,0.65,0.4,-3.1
AddVertex,0.65,0.3,-3.1
AddVertex,0.65,0.3,-5.95
AddFace2,0,1,2,3
AddFace2,4,5,6,7
GenerateNormals
SetColor,50,50,50
CreateMeshBuilder
AddVertex,-0.6,0.86,-5.85
AddVertex,-0.6,0.86,-4.99
AddVertex,-0.6,0,-4.99
AddVertex,-0.6,0,-5.85
AddVertex,0.6,0.86,-5.85
AddVertex,0.6,0.86,-4.99
AddVertex,0.6,0,-4.99
AddVertex,0.6,0,-5.85
AddFace2,0,1,2,3
AddFace2,4,5,6,7
GenerateNormals
LoadTexture,sharin.bmp
SetTextureCoordinates,0,0,0
SetTextureCoordinates,1,1,0
SetTextureCoordinates,2,1,1
SetTextureCoordinates,3,0,1
SetTextureCoordinates,4,0,0
SetTextureCoordinates,5,1,0
SetTextureCoordinates,6,1,1
SetTextureCoordinates,7,0,1
SetDecalTransparentColor,0,0,0
CreateMeshBuilder
AddVertex,1.01,1,-5.8
AddVertex,1.01,0.7,-5.8
AddVertex,1.01,0.65,-5.8
AddVertex,1.4,1,-5.8
AddVertex,1.4,0.7,-5.8
AddVertex,1.3,0.65,-5.8
AddVertex,1.4,1,-5.1
AddVertex,1.4,0.7,-5.1
AddVertex,1.3,0.65,-5.1
AddVertex,1.01,1,-5.1
AddVertex,1.01,0.7,-5.1
AddVertex,1.01,0.65,-5.1
AddFace2,0,1,4,3
AddFace2,1,2,5,4
AddFace2,3,4,7,6
AddFace2,4,5,8,7
AddFace2,6,7,10,9
Addface2,7,8,11,10
AddFace2,2,5,7,11
GenerateNormals
SetColor,50,50,50
CreateMeshBuilder
Cube,0.15,0.2,0.1
Translate,1,0.45,-5.8
SetColor,60,60,60
GenerateNormals
CreateMeshBuilder
Cylinder,8,0.03,0.03,0.65
Rotate,1,0,0,90
Translate,0.9,0.3,-5.38,
GenerateNormals
SetColor,70,70,70
CreateMeshBuilder
AddVertex,0.75,1,-4.15
AddVertex,0.75,0.25,-4.15
AddVertex,1.01,1,-4.15
AddVertex,1.01,0.25,-4.15
AddVertex,1.01,1,-4.85
AddVertex,1.01,0.25,-4.85
AddVertex,0.75,1,-4.85
AddVertex,0.75,0.25,-4.85
AddVertex,1.01,0.45,-4.85
AddVertex,1.01,0.25,-4.85
AddVertex,1.01,0.4,-5.05
AddVertex,1.01,0.25,-5.05
AddVertex,0.75,0.45,-4.85
AddVertex,0.75,0.25,-4.85
AddVertex,0.75,0.4,-5.05
AddVertex,0.75,0.25,-5.05
AddFace2,0,1,3,2
AddFace2,2,3,5,4
AddFace2,4,5,7,6
AddFace2,8,9,11,10
AddFace2,8,10,14,12
AddFace2,12,13,15,14
AddFace2,10,11,15,14
GenerateNormals
LoadTexture,DT131.bmp
SetTextureCoordinates,0,1,0
SetTextureCoordinates,1,1,1
SetTextureCoordinates,2,0.98,0
SetTextureCoordinates,3,0.98,1
SetTextureCoordinates,4,0.22,0
SetTextureCoordinates,5,0.22,1
SetTextureCoordinates,6,0.2,0
SetTextureCoordinates,7,0.2,1
SetTextureCoordinates,8,0.2,0.8
SetTextureCoordinates,9,0.2,1
SetTextureCoordinates,10,0.005,0.8
SetTextureCoordinates,11,0.005,1
SetTextureCoordinates,12,0.2,0.8
SetTextureCoordinates,13,0.2,1
SetTextureCoordinates,14,0.005,0.8
SetTextureCoordinates,15,0.005,1
CreateMeshBuilder
Cube,0.99,0.4,0.3
Translate,0,0.65,-4.5
GenerateNormals
SetColor,20,20,20
CreateMeshBuilder
Cube,0.45,0.3,1.3
Translate,0,0.55,-4.5
GenerateNormals
SetColor,20,20,20
;車輪
CreateMeshBuilder
Cylinder,16,0.43,0.43,0.06
Rotate,1,0,180,90
Translate,-0.565,0.43,-5.42,
SetColor,100,100,100
CreateMeshBuilder
Cylinder,16,0.46,0.46,0.02
Rotate,1,0,180,90
Translate,-0.52,0.43,-5.42,
SetColor,40,40,40
CreateMeshBuilder
Cylinder,16,0.43,0.43,0.06
Rotate,1,0,180,90
Translate,0.565,0.43,-5.42,
SetColor,100,100,100
GenerateNormals
CreateMeshBuilder
Cylinder,16,0.46,0.46,0.02
Rotate,1,0,180,90
Translate,0.52,0.43,-5.42,
SetColor,40,40,40
CreateMeshBuilder
AddVertex,-0.6,0.86,-4.05
AddVertex,-0.6,0.86,-3.19
AddVertex,-0.6,0,-3.19
AddVertex,-0.6,0,-4.05
AddVertex,0.6,0.86,-4.05
AddVertex,0.6,0.86,-3.19
AddVertex,0.6,0,-3.19
AddVertex,0.6,0,-4.05
AddFace2,0,1,2,3
AddFace2,4,5,6,7
GenerateNormals
LoadTexture,sharin.bmp
SetTextureCoordinates,0,0,0
SetTextureCoordinates,1,1,0
SetTextureCoordinates,2,1,1
SetTextureCoordinates,3,0,1
SetTextureCoordinates,4,0,0
SetTextureCoordinates,5,1,0
SetTextureCoordinates,6,1,1
SetTextureCoordinates,7,0,1
SetDecalTransparentColor,0,0,0
CreateMeshBuilder
Cylinder,16,0.43,0.43,0.06
Rotate,1,0,180,90
Translate,-0.565,0.43,-3.62,
SetColor,100,100,100
CreateMeshBuilder
Cylinder,16,0.46,0.46,0.02
Rotate,1,0,180,90
Translate,-0.52,0.43,-3.62,
SetColor,40,40,40
CreateMeshBuilder
Cylinder,16,0.43,0.43,0.06
Rotate,1,0,180,90
Translate,0.565,0.43,-3.62,
SetColor,100,100,100
GenerateNormals
CreateMeshBuilder
Cylinder,16,0.46,0.46,0.02
Rotate,1,0,180,90
Translate,0.52,0.43,-3.62,
SetColor,40,40,40
;車軸
CreateMeshBuilder
Cylinder,4,0.08,0.08,1.1
Rotate,1,0,45,90
Translate,0,0.45,-3.62,
SetColor,62,63,65
GenerateNormals
CreateMeshBuilder
Cylinder,4,0.08,0.08,1.1
Rotate,1,0,45,90
Translate,0,0.45,-5.42,
SetColor,62,63,65
GenerateNormals

;後台車
;台車枠(左)
CreateMeshBuilder
AddVertex,-0.75,1,2.07
AddVertex,-0.75,0.25,2.07
AddVertex,-1.01,1,2.07
AddVertex,-1.01,0.25,2.07
AddVertex,-1.01,1,2.52
AddVertex,-1.01,0.3,2.52
AddVertex,-1.01,1,2.62
AddVertex,-1.01,0.45,2.62
AddVertex,-1.01,1,2.92
AddVertex,-1.01,0.45,2.92
AddVertex,-0.75,1,2.92
AddVertex,-0.75,0.4,2.92
AddFace2,0,1,3,2
AddFace2,2,3,5,4
AddFace2,4,5,7,6
AddFace2,6,7,9,8
AddFace2,8,9,11,10
GenerateNormals
LoadTexture,DT141.bmp
SetTextureCoordinates,0,0,0
SetTextureCoordinates,1,0,1
SetTextureCoordinates,2,0.03,0
SetTextureCoordinates,3,0.03,1
SetTextureCoordinates,4,0.45,0
SetTextureCoordinates,5,0.45,0.95
SetTextureCoordinates,6,0.5,0
SetTextureCoordinates,7,0.5,0.75
SetTextureCoordinates,8,0.99,0
SetTextureCoordinates,9,0.99,0.75
SetTextureCoordinates,10,1,0
SetTextureCoordinates,11,1,0.75
CreateMeshBuilder
AddVertex,-1,0.3,2.52
AddVertex,-0.75,0.3,2.52
AddVertex,-0.75,0.45,2.62
AddVertex,-1.,0.45,2.62
AddFace2,0,1,3,2
GenerateNormals
SetColor,40,40,40
CreateMeshBuilder
AddVertex,-0.75,1,4.85
AddVertex,-0.75,0.25,4.85
AddVertex,-1.01,1,4.85
AddVertex,-1.01,0.25,4.85
AddVertex,-1.01,1,4.4
AddVertex,-1.01,0.3,4.4
AddVertex,-1.01,1,4.3
AddVertex,-1.01,0.45,4.3
AddVertex,-1.01,1,4.
AddVertex,-1.01,0.45,4.
AddVertex,-0.75,1,4.
AddVertex,-0.75,0.4,4.
AddFace2,0,1,3,2
AddFace2,2,3,5,4
AddFace2,4,5,7,6
AddFace2,6,7,9,8
AddFace2,8,9,11,10
GenerateNormals
LoadTexture,DT141.bmp
SetTextureCoordinates,0,0,0
SetTextureCoordinates,1,0,1
SetTextureCoordinates,2,0.03,0
SetTextureCoordinates,3,0.03,1
SetTextureCoordinates,4,0.45,0
SetTextureCoordinates,5,0.45,0.95
SetTextureCoordinates,6,0.5,0
SetTextureCoordinates,7,0.5,0.75
SetTextureCoordinates,8,0.99,0
SetTextureCoordinates,9,0.99,0.75
SetTextureCoordinates,10,1,0
SetTextureCoordinates,11,1,0.75
CreateMeshBuilder
AddVertex,-1.,0.3,4.4
AddVertex,-0.75,0.3,4.4
AddVertex,-0.75,0.45,4.3
AddVertex,-1.,0.45,4.3
AddFace2,0,1,3,2
GenerateNormals
SetColor,40,40,40
;台車枠(右)
CreateMeshBuilder
AddVertex,0.75,1,2.07
AddVertex,0.75,0.25,2.07
AddVertex,1.01,1,2.07
AddVertex,1.01,0.25,2.07
AddVertex,1.01,1,2.52
AddVertex,1.01,0.3,2.52
AddVertex,1.01,1,2.62
AddVertex,1.01,0.45,2.62
AddVertex,1.01,1,2.92
AddVertex,1.01,0.45,2.92
AddVertex,0.75,1,2.92
AddVertex,-0.75,0.4,2.92
AddFace2,0,1,3,2
AddFace2,2,3,5,4
AddFace2,4,5,7,6
AddFace2,6,7,9,8
AddFace2,8,9,11,10
GenerateNormals
LoadTexture,DT141.bmp
SetTextureCoordinates,0,0,0
SetTextureCoordinates,1,0,1
SetTextureCoordinates,2,0.03,0
SetTextureCoordinates,3,0.03,1
SetTextureCoordinates,4,0.45,0
SetTextureCoordinates,5,0.45,0.95
SetTextureCoordinates,6,0.5,0
SetTextureCoordinates,7,0.5,0.75
SetTextureCoordinates,8,0.99,0
SetTextureCoordinates,9,0.99,0.75
SetTextureCoordinates,10,1,0
SetTextureCoordinates,11,1,0.75
CreateMeshBuilder
AddVertex,1,0.3,2.52
AddVertex,0.75,0.3,2.52
AddVertex,0.75,0.45,2.62
AddVertex,1.,0.45,2.62
AddFace2,0,1,3,2
GenerateNormals
SetColor,40,40,40
CreateMeshBuilder
AddVertex,0.75,1,4.85
AddVertex,0.75,0.25,4.85
AddVertex,1.01,1,4.85
AddVertex,1.01,0.25,4.85
AddVertex,1.01,1,4.4
AddVertex,1.01,0.3,4.4
AddVertex,1.01,1,4.3
AddVertex,1.01,0.45,4.3
AddVertex,1.01,1,4.
AddVertex,1.01,0.45,4.
AddVertex,0.75,1,4.
AddVertex,0.75,0.4,4.
AddFace2,0,1,3,2
AddFace2,2,3,5,4
AddFace2,4,5,7,6
AddFace2,6,7,9,8
AddFace2,8,9,11,10
GenerateNormals
LoadTexture,DT141.bmp
SetTextureCoordinates,0,0,0
SetTextureCoordinates,1,0,1
SetTextureCoordinates,2,0.03,0
SetTextureCoordinates,3,0.03,1
SetTextureCoordinates,4,0.45,0
SetTextureCoordinates,5,0.45,0.95
SetTextureCoordinates,6,0.5,0
SetTextureCoordinates,7,0.5,0.75
SetTextureCoordinates,8,0.99,0
SetTextureCoordinates,9,0.99,0.75
SetTextureCoordinates,10,1,0
SetTextureCoordinates,11,1,0.75
CreateMeshBuilder
AddVertex,1.,0.3,4.4
AddVertex,0.75,0.3,4.4
AddVertex,0.75,0.45,4.3
AddVertex,1.,0.45,4.3
AddFace2,0,1,3,2
GenerateNormals
SetColor,40,40,40
CreateMeshBuilder
Cube,0.99,0.3,0.33
Translate,0,0.75,2.55
GenerateNormals
SetColor,20,20,20
CreateMeshBuilder
Cube,0.99,0.3,0.33
Translate,0,0.75,4.35
GenerateNormals
SetColor,20,20,20
CreateMeshBuilder
Cube,0.45,0.3,2.1
Translate,0,0.55,3.45
GenerateNormals
SetColor,20,20,20
;車輪
CreateMeshBuilder
AddVertex,-0.65,0.4,5.65
AddVertex,-0.65,0.4,1.25
AddVertex,-0.65,0.3,1.25
AddVertex,-0.65,0.3,5.65
AddVertex,0.65,0.4,5.65
AddVertex,0.65,0.4,1.25
AddVertex,0.65,0.3,1.25
AddVertex,0.65,0.3,5.65
AddFace2,0,1,2,3
AddFace2,4,5,6,7
GenerateNormals
SetColor,50,50,50
CreateMeshBuilder
AddVertex,-0.6,0.86,2.19
AddVertex,-0.6,0.86,1.33
AddVertex,-0.6,0,1.33
AddVertex,-0.6,0,2.19
AddVertex,0.6,0.86,2.19
AddVertex,0.6,0.86,1.33
AddVertex,0.6,0,1.33
AddVertex,0.6,0,2.19
AddFace2,0,1,2,3
AddFace2,4,5,6,7
GenerateNormals
LoadTexture,sharin.bmp
SetTextureCoordinates,0,0,0
SetTextureCoordinates,1,1,0
SetTextureCoordinates,2,1,1
SetTextureCoordinates,3,0,1
SetTextureCoordinates,4,0,0
SetTextureCoordinates,5,1,0
SetTextureCoordinates,6,1,1
SetTextureCoordinates,7,0,1
SetDecalTransparentColor,0,0,0
CreateMeshBuilder
Cylinder,16,0.43,0.43,0.06
Rotate,1,0,180,90
Translate,-0.565,0.43,1.75,
SetColor,100,100,100
CreateMeshBuilder
Cylinder,16,0.46,0.46,0.02
Rotate,1,0,180,90
Translate,-0.52,0.43,1.75,
SetColor,40,40,40
CreateMeshBuilder
Cylinder,16,0.43,0.43,0.06
Rotate,1,0,180,90
Translate,0.565,0.43,1.75,
SetColor,100,100,100
GenerateNormals
CreateMeshBuilder
Cylinder,16,0.46,0.46,0.02
Rotate,1,0,180,90
Translate,0.52,0.43,1.75,
SetColor,40,40,40

;中間車輪
CreateMeshBuilder
AddVertex,-0.6,0.86,3.89
AddVertex,-0.6,0.86,3.03
AddVertex,-0.6,0,3.03
AddVertex,-0.6,0,3.89
AddVertex,0.6,0.86,3.89
AddVertex,0.6,0.86,3.03
AddVertex,0.6,0,3.03
AddVertex,0.6,0,3.89
AddFace2,0,1,2,3
AddFace2,4,5,6,7
GenerateNormals
LoadTexture,sharin.bmp
SetTextureCoordinates,0,0,0
SetTextureCoordinates,1,1,0
SetTextureCoordinates,2,1,1
SetTextureCoordinates,3,0,1
SetTextureCoordinates,4,0,0
SetTextureCoordinates,5,1,0
SetTextureCoordinates,6,1,1
SetTextureCoordinates,7,0,1
SetDecalTransparentColor,0,0,0
CreateMeshBuilder
Cylinder,16,0.43,0.43,0.06
Rotate,1,0,180,90
Translate,-0.565,0.43,3.45,
SetColor,100,100,100
CreateMeshBuilder
Cylinder,16,0.46,0.46,0.02
Rotate,1,0,180,90
Translate,-0.52,0.43,3.45,
SetColor,40,40,40
CreateMeshBuilder
Cylinder,16,0.43,0.43,0.06
Rotate,1,0,180,90
Translate,0.565,0.43,3.45,
SetColor,100,100,100
GenerateNormals
CreateMeshBuilder
Cylinder,16,0.46,0.46,0.02
Rotate,1,0,180,90
Translate,0.52,0.43,3.45,
SetColor,40,40,40
;ブレーキシュー
CreateMeshBuilder
AddVertex,-0.59,0.7,4.15
AddVertex,-0.59,0.7,3.8
AddVertex,-0.59,0.2,3.8
AddVertex,-0.59,0.2,4.15
AddVertex,0.59,0.7,4.15
AddVertex,0.59,0.7,3.8
AddVertex,0.59,0.2,3.8
AddVertex,0.59,0.2,4.15
AddVertex,-0.59,0.7,3.1
AddVertex,-0.59,0.7,2.75
AddVertex,-0.59,0.2,2.75
AddVertex,-0.59,0.2,3.1
AddVertex,0.59,0.7,3.1
AddVertex,0.59,0.7,2.75
AddVertex,0.59,0.2,2.75
AddVertex,0.59,0.2,3.1
AddFace2,0,1,2,3
AddFace2,4,5,6,7
AddFace2,8,9,11,10
AddFace2,12,13,15,14
GenerateNormals
LoadTexture,brakeshoe.bmp
SetTextureCoordinates,0,1,0
SetTextureCoordinates,1,0,0
SetTextureCoordinates,2,0,1
SetTextureCoordinates,3,1,1
SetTextureCoordinates,4,1,0
SetTextureCoordinates,5,0,0
SetTextureCoordinates,6,0,1
SetTextureCoordinates,7,1,1
SetTextureCoordinates,8,0,0
SetTextureCoordinates,9,1,0
SetTextureCoordinates,10,1,1
SetTextureCoordinates,11,0,1
SetTextureCoordinates,12,0,0
SetTextureCoordinates,13,1,0
SetTextureCoordinates,14,1,1
SetTextureCoordinates,15,0,1
CreateMeshBuilder
Cylinder,8,0.02,0.02,1.05
Rotate,1,0,0,90
Translate,-0.9,0.65,3.45
GenerateNormals
SetColor,70,70,70
CreateMeshBuilder
Cylinder,8,0.02,0.02,1.05
Rotate,1,0,0,90
Translate,0.9,0.65,3.45
GenerateNormals
SetColor,70,70,70


CreateMeshBuilder
AddVertex,-0.6,0.86,5.59
AddVertex,-0.6,0.86,4.73
AddVertex,-0.6,0,4.73
AddVertex,-0.6,0,5.59
AddVertex,0.6,0.86,5.59
AddVertex,0.6,0.86,4.73
AddVertex,0.6,0,4.73
AddVertex,0.6,0,5.59
AddFace2,0,1,2,3
AddFace2,4,5,6,7
GenerateNormals
LoadTexture,sharin.bmp
SetTextureCoordinates,0,0,0
SetTextureCoordinates,1,1,0
SetTextureCoordinates,2,1,1
SetTextureCoordinates,3,0,1
SetTextureCoordinates,4,0,0
SetTextureCoordinates,5,1,0
SetTextureCoordinates,6,1,1
SetTextureCoordinates,7,0,1
SetDecalTransparentColor,0,0,0
CreateMeshBuilder
Cylinder,16,0.43,0.43,0.06
Rotate,1,0,180,90
Translate,-0.565,0.43,5.15,
SetColor,100,100,100
CreateMeshBuilder
Cylinder,16,0.46,0.46,0.02
Rotate,1,0,180,90
Translate,-0.52,0.43,5.15,
SetColor,40,40,40
CreateMeshBuilder
Cylinder,16,0.43,0.43,0.06
Rotate,1,0,180,90
Translate,0.565,0.43,5.15,
SetColor,100,100,100
GenerateNormals
CreateMeshBuilder
Cylinder,16,0.46,0.46,0.02
Rotate,1,0,180,90
Translate,0.52,0.43,5.15,
SetColor,40,40,40
;車軸
CreateMeshBuilder
Cylinder,4,0.08,0.08,1.1
Rotate,1,0,45,90
Translate,0,0.45,1.75,
GenerateNormals
SetColor,62,63,65
CreateMeshBuilder
Cylinder,4,0.08,0.08,1.1
Rotate,1,0,45,90
Translate,0,0.45,3.45,
GenerateNormals
SetColor,62,63,65
CreateMeshBuilder
Cylinder,4,0.08,0.08,1.1
Rotate,1,0,45,90
Translate,0,0.45,5.15,
GenerateNormals
SetColor,62,63,65


;床下機器
CreateMeshBuilder
AddVertex,-1.35,1.05,-2.5
AddVertex,-1.35,1.05,0.75
AddVertex,-1.35,0.45,-2.5
AddVertex,-1.35,0.45,0.75
AddVertex,-1.1,0.15,-2.5
AddVertex,-1.1,0.15,0.75
AddVertex,1.1,0.15,-2.5
AddVertex,1.1,0.15,0.75
AddVertex,1.35,0.45,-2.5
AddVertex,1.35,0.45,0.75
AddVertex,1.35,1.05,-2.5
AddVertex,1.35,1.05,0.75
AddFace2,0,1,2,3
AddFace2,2,3,5,4
AddFace2,4,5,6,7
AddFace2,6,7,9,8
AddFace2,8,9,11,10
AddFace2,0,10,8,2
Addface2,2,8,6,4
AddFace2,1,11,9,3
AddFace2,3,9,7,5
GenerateNormals
LoadTexture,under.bmp
SetTextureCoordinates,0,0,0
SetTextureCoordinates,1,1,0
SetTextureCoordinates,2,0,0.25
SetTextureCoordinates,3,1,0.25
SetTextureCoordinates,4,0,0.3
SetTextureCoordinates,5,1,0.3
SetTextureCoordinates,6,0,0.7
SetTextureCoordinates,7,1,0.7
SetTextureCoordinates,8,0,0.75
SetTextureCoordinates,9,1,0.75
SetTextureCoordinates,10,0,1
SetTextureCoordinates,11,1,1

;影
CreateMeshBuilder
AddVertex,-1.4,-0.1,-7
AddVertex,-1.4,-0.1,7
AddVertex,1.4,-0.1,7
AddVertex,1.4,-0.1,-7
AddFace2,0,1,2,3
GenerateNormals
SetColor,56,54,50,200